slam xy,slam xy covar,slam yaw,slam yaw var,ekf xy,ekf xy covar,ekf yaw,ekf yaw var
"[0.0141339489246428, 0.0005210562560371448]","[[0.0011639025701247773, -9.337916741835167e-05], [-9.337916741835167e-05, 0.0014099891354778559]]",-0.0014987895350353504,0.0001335272161039525,"[0.009503694205862459, 0.0019910104186712384]","[[0.004350320852548822, -0.00017205761456608743], [-0.00017205761456608748, 0.004401873712808064]]",-0.008851487109320377,0.003351874954619884
"[0.08002246024313155, 0.004623941926939292]","[[0.0016316423664426989, -4.385987958859637e-05], [-4.385987958859637e-05, 0.001628305659143606]]",0.19426278351922657,0.0004226985834376479,"[0.05698876752480594, 0.0020493806044011974]","[[0.004074481866487281, -6.932926945572202e-05], [-6.932926945572199e-05, 0.004246257203630909]]",0.09855699278431596,0.0032441142361200053
"[0.21196841342826822, 0.05211836623272618]","[[0.0017070871912380783, 5.211699596193646e-05], [5.211699596193646e-05, 0.0013421493774445749]]",0.6437163414456535,0.0001335028632642158,"[0.17107060335445096, 0.03750624906612378]","[[0.004930314795106327, -3.4610831437452824e-05], [-3.461083143745279e-05, 0.004944892609930919]]",0.5425721211442736,0.0040635612559492985
"[0.34450686402759095, 0.1851964070052273]","[[0.0016501127347308816, 3.5780921580127206e-05], [3.5780921580127206e-05, 0.001528031668306298]]",1.0297401830873696,0.0002305692081181026,"[0.3019830466303545, 0.15770520522971482]","[[0.005351084751120347, 2.1074128437478926e-05], [2.1074128437478923e-05, 0.005108813275388166]]",1.038336989561179,0.004148040492505709
"[0.44386479100403026, 0.43468710242611575]","[[0.0020499266336581187, 0.0001619293244906851], [0.0001619293244906851, 0.00333505110950757]]",1.4609043314123493,0.00031534216745400274,"[0.41519586191127766, 0.35489901365830895]","[[0.005686187757440447, 9.714633474451587e-06], [9.714633474451574e-06, 0.005562341615756663]]",1.368002965990749,0.004547269794604394
"[0.4380593328490867, 0.6598008515356635]","[[0.0019580760650382114, -0.0001763434735325811], [-0.0001763434735325811, 0.0029887596195776207]]",1.6526138622745705,0.00016950200187125205,"[0.4401237159392742, 0.5668458121383277]","[[0.0051347474865385025, 8.593332374959107e-05], [8.593332374959108e-05, 0.00577291103046111]]",1.663442622933652,0.0038449105594253095
"[0.43688207058830497, 0.8665141891143845]","[[0.0020845899564609226, -0.00014307391893088908], [-0.00014307391893088908, 0.0024171465671785886]]",1.4744909037807208,0.00012138305435268002,"[0.43440574156758693, 0.7948186065317762]","[[0.005203109638435151, -9.342630589753736e-05], [-9.342630589753741e-05, 0.005797030478578204]]",1.506773270917768,0.003841066408845549
"[0.46709746096128263, 1.057152244560624]","[[0.0019233023800260937, -5.993108435157061e-05], [-5.993108435157061e-05, 0.0023942518716990094]]",1.4878746041624193,0.00016992545251224062,"[0.45213411043885154, 0.9890740378989483]","[[0.004815517942283993, -8.879798676110171e-05], [-8.879798676110171e-05, 0.005026127513574314]]",1.457200763539725,0.003354583932011369
"[0.4736145367388237, 1.2820862828877087]","[[0.0020856681489025727, -4.92064131204998e-05], [-4.92064131204998e-05, 0.0024811559125074425]]",1.6168803974023882,0.00013346656378238224,"[0.46960298956394547, 1.208822686333707]","[[0.0051639265418034945, -3.993006479611257e-05], [-3.993006479611262e-05, 0.005423964646657931]]",1.610480145320599,0.003829018777157432
"[0.47713346773881116, 1.477452028388085]","[[0.001907493459825506, -0.00013961406332396964], [-0.00013961406332396964, 0.0027689081204511244]]",1.553468826968306,0.00013296265895867078,"[0.4670747959371691, 1.4157515740632818]","[[0.005420358940613709, -2.920430044356773e-05], [-2.9204300443567743e-05, 0.005635977553230498]]",1.5735483589330341,0.0039714308058630765
"[0.4768267512679127, 1.5987182206489365]","[[0.0020266533838607026, -0.0001783517363242476], [-0.0001783517363242476, 0.0027064687843040103]]",1.5351468277188576,0.00012117322827625265,"[0.4789587641403988, 1.567547887283321]","[[0.005466392720097687, -7.934702681344277e-05], [-7.934702681344265e-05, 0.005947288817289734]]",1.5227097647245875,0.004131533686167501
"[0.47575780274489693, 1.6559564653822396]","[[0.0018112534936070364, -0.00010861266458065595], [-0.00010861266458065595, 0.0026252896450020937]]",1.526514061437397,0.00016820901182209783,"[0.47899311457638954, 1.6400902964567954]","[[0.00496560290731163, -0.00010720864492017088], [-0.00010720864492017085, 0.005384663722048758]]",1.5343588370566916,0.0035261239872461784
"[0.4836217032429753, 1.728769663590478]","[[0.0016624153686394588, -3.053066127590912e-05], [-3.053066127590912e-05, 0.0019587840369896226]]",1.4071807382649035,0.00022871502866037265,"[0.4812062964578201, 1.7137218028366215]","[[0.005255754965935612, -0.0001654098256928286], [-0.00016540982569282855, 0.00550051203715751]]",1.4224714616758032,0.003973618445263228
"[0.5002267262112186, 1.8246341828402064]","[[0.002133260562618073, -0.0002699558788306947], [-0.0002699558788306947, 0.00242230521989112]]",1.506190637233104,0.00041913853798882563,"[0.4951744866393303, 1.8097568381820863]","[[0.004979576800242569, -2.7213911037141186e-05], [-2.7213911037141182e-05, 0.005168689436052937]]",1.4848648918440075,0.003884865077088355
"[0.5121049272834967, 2.018696750061333]","[[0.0025606701880146647, -0.0003032946304289795], [-0.0003032946304289795, 0.0022105838594664484]]",1.6131328826038283,0.00016924734262335653,"[0.5021177983151524, 1.9357690240685466]","[[0.004783699257737375, -0.00015648407091325655], [-0.00015648407091325652, 0.004947509706004419]]",1.5811964126381364,0.003551868749986498
"[0.5073021090412814, 2.2312022761966803]","[[0.001990962781088503, -4.6429788820666984e-06], [-4.6429788820666984e-06, 0.002082395443906149]]",1.5623887968599404,0.00012116434397221044,"[0.5058707081659538, 2.1567767018443456]","[[0.005525293821283162, -0.00016833679198841622], [-0.0001683367919884165, 0.0053320337681319425]]",1.555084208258295,0.0038954506978311847
"[0.5178522297469744, 2.4375085591447725]","[[0.0023008590310405522, -0.0001608672193299646], [-0.0001608672193299646, 0.002361237243959386]]",1.5851854943752268,0.0001326782777440306,"[0.507731987890659, 2.375844853302019]","[[0.005013068850175193, -1.0822505600916996e-05], [-1.0822505600917012e-05, 0.0050387653864826494]]",1.5905291961507881,0.0035582257997863634
"[0.5137626201136782, 2.651763765639352]","[[0.0029624826739616805, -0.0004596117921397894], [-0.0004596117921397894, 0.002018658135468405]]",1.5908875120944246,0.00030942840902735956,"[0.5132456837149275, 2.5650423468583727]","[[0.004890834523587132, -8.977808845849051e-05], [-8.977808845849055e-05, 0.004911141277120336]]",1.5784999819387817,0.0033054008779222614
"[0.5107012413238867, 2.8372750219134297]","[[0.002064037658210698, 8.607109097482191e-05], [8.607109097482191e-05, 0.0018359493877437773]]",1.6878028617123688,0.00012086333919793989,"[0.5106438500879962, 2.773711039839469]","[[0.0052320325094489155, -0.0002517096249146281], [-0.0002517096249146282, 0.004709945912877306]]",1.6213718467971228,0.0034803917348819246
"[0.4500861273331959, 3.0390665307452105]","[[0.004434958579609482, -0.0002472511408255607], [-0.0002472511408255607, 0.004675265979677812]]",2.1567834749735955,0.00012091781857582343,"[0.48139755567548986, 2.964209714898542]","[[0.00477851474480321, 4.333992502764566e-05], [4.333992502764563e-05, 0.004601992172704743]]",1.9756744669646498,0.0033061485997940205
"[0.30175450516609487, 3.218744782968097]","[[0.004053083369780589, -0.00022758207198907127], [-0.00022758207198907127, 0.002454623547585873]]",2.609691037941363,0.00016869789536467968,"[0.36590337211433205, 3.128445410995433]","[[0.005836004123134472, -7.088254972350834e-05], [-7.088254972350836e-05, 0.005889303292749182]]",2.5067679114114654,0.003311078826708127
"[0.13012995663843174, 3.2913668385869053]","[[0.003975184470669191, -0.0005651337102802865], [-0.0005651337102802865, 0.0026051001053887914]]",2.9191576292787302,0.00022648810770792022,"[0.16725268099897345, 3.2675690100592885]","[[0.006334520657043174, -0.00011185966124234755], [-0.00011185966124234755, 0.005552243547579373]]",2.878079036895489,0.0038463639947818717
"[-0.08093087541825739, 3.317498931664917]","[[0.0028914370710994464, -3.185986250420712e-05], [-3.185986250420712e-05, 0.002496549097649059]]",-3.1211460379169362,0.00022868053922765335,"[-0.014955189829703907, 3.30375437813731]","[[0.006296472964777608, -0.0002832958187174169], [-0.00028329581871741724, 0.005584201958172311]]",-3.110894982356642,0.003910059682855848
"[-0.21961145609383412, 3.317440606499826]","[[0.0030194223841207746, -0.000313829927579335], [-0.000313829927579335, 0.002842341397625697]]",-3.104049720739626,0.0002275259990003209,"[-0.17753975768786157, 3.3102536399034173]","[[0.005893697044161043, -3.859638353380003e-05], [-3.8596383533800016e-05, 0.0056428458455733]]",-3.089898815313732,0.004049124091343035
"[-0.3028957951981134, 3.316271828353391]","[[0.0028387364852227523, -0.00013568255067322946], [-0.00013568255067322946, 0.00236691672814798]]",-3.116068682709712,0.00022796304585713845,"[-0.2696252598196663, 3.313240565127281]","[[0.005724027252722961, -0.00016456634750430666], [-0.00016456634750430652, 0.005614781698770741]]",-3.1206475334254034,0.003812116364843411
"[-0.33587461204318386, 3.314705764410962]","[[0.002812061059652208, -0.00013014261657493464], [-0.00013014261657493464, 0.0023388275626098323]]",3.129984267651865,0.00013305595459306186,"[-0.32878722894137663, 3.313909625194212]","[[0.005176560401379527, -0.00026633634197680765], [-0.0002663363419768078, 0.005345012064348457]]",3.1312996763783723,0.003363480804451005
"[-0.4053775718436216, 3.31636236687818]","[[0.003603690395276169, -0.00015935808484004923], [-0.00015935808484004923, 0.002873396690384746]]",-2.9555314688885193,0.0003122490404380043,"[-0.3790530281622516, 3.3133212056958934]","[[0.00517807781893885, -8.877115494559347e-05], [-8.877115494559349e-05, 0.0049372411341608025]]",-3.0353877690569573,0.003323018460569826
"[-0.5304737696887301, 3.2621169779921972]","[[0.003272374662900859, 0.0003629408613624155], [0.0003629408613624155, 0.0029465993347885223]]",-2.4841016032471424,0.00016946874691060748,"[-0.5020880601235373, 3.2804509848151513]","[[0.006219738648231728, -8.754497282049509e-05], [-8.754497282049521e-05, 0.005865999564899385]]",-2.5766283476075356,0.0041568289025188075
"[-0.6644022957014226, 3.1069693902358084]","[[0.0032589097538322236, 0.00035816463572684157], [0.00035816463572684157, 0.0038971498817662693]]",-1.9285547068043405,0.0004215529749991082,"[-0.6157653585650955, 3.1664033294238747]","[[0.005928121911606739, 0.00016348904424913477], [0.00016348904424913496, 0.005731310538421252]]",-2.0548290001990788,0.003827907081045056
"[-0.7082521776325542, 2.9048488649519286]","[[0.0032629821607755667, 4.482253536601974e-05], [4.482253536601974e-05, 0.003020866988189853]]",-1.654700036748446,0.00013293113641697134,"[-0.6960106025043988, 2.9780402568587947]","[[0.0053343835788649445, 0.00018170866776232348], [0.0001817086677623235, 0.005603509641022172]]",-1.7344711798349328,0.0034032806445450266
"[-0.7313028826200749, 2.677066550871913]","[[0.0030109394379168866, 0.0002205701184399457], [0.0002205701184399457, 0.002562356682457852]]",-1.5444597919743321,0.00022803390744797024,"[-0.712578248991306, 2.7691560903430914]","[[0.005598064457726593, 3.7823445608207675e-05], [3.782344560820767e-05, 0.0054853420702914305]]",-1.5614963617475714,0.0034848339141313476
"[-0.7249919917497227, 2.4736246738419667]","[[0.0031948278200961597, -8.500425064200115e-05], [-8.500425064200115e-05, 0.0028868369851345914]]",-1.5865173182578727,0.00016972382447599698,"[-0.7236373108911873, 2.5540731599335658]","[[0.005502438325314671, 0.00011781200525041348], [0.00011781200525041354, 0.005240343321748722]]",-1.5897149492404232,0.003594624241066148
"[-0.7415505835914741, 2.2730472767356646]","[[0.002716158132618973, 2.519919531322583e-05], [2.519919531322583e-05, 0.003049646781257698]]",-1.5770025525784355,0.00013350043281927228,"[-0.7271509365711285, 2.3477267557005512]","[[0.0054123665435006196, -3.2012626549355094e-05], [-3.20126265493551e-05, 0.0052206689779178035]]",-1.58081322861062,0.0033549142534641395
"[-0.7428537803039933, 2.0528216652242626]","[[0.0029533659057403923, -4.2668169154706225e-05], [-4.2668169154706225e-05, 0.0031369092936729547]]",-1.5331012235622286,0.00031284466272302674,"[-0.7369317389011644, 2.1442513941948067]","[[0.005177537537966182, 1.0417755899925678e-05], [1.0417755899925666e-05, 0.00531498955409906]]",-1.5429478436070083,0.0033331701682810778
"[-0.7401975757471829, 1.858457165653132]","[[0.0029809211735223567, 1.8230803688557548e-05], [1.8230803688557548e-05, 0.0028194327793655254]]",-1.5515243299316723,0.0001692154111955929,"[-0.7355461678253009, 1.9145176203224261]","[[0.005918270106483157, -1.8989265044453982e-05], [-1.8989265044453996e-05, 0.005991606618449446]]",-1.5429769917696197,0.004131021447313244
"[-0.7648356679041532, 1.7198732486338504]","[[0.003312884135966807, 1.4293803810855982e-05], [1.4293803810855982e-05, 0.0032197176171153094]]",-1.5787789794538176,0.00016988295769777855,"[-0.7374968319427537, 1.7652245708596797]","[[0.005589256074947899, 7.869884262370014e-06], [7.86988426237002e-06, 0.005504628303316368]]",-1.5661469924928857,0.0036502415770337383
"[-0.7468151562939125, 1.6416517619487356]","[[0.0034097164444802067, 5.2235336971964096e-05], [5.2235336971964096e-05, 0.0028702253068043863]]",-1.5371602645478306,0.0002294086034283987,"[-0.756498368441901, 1.669469680053568]","[[0.005741649447017323, 7.4702367275452715e-06], [7.470236727545275e-06, 0.005688239376952871]]",-1.5656166298202132,0.0036649123429497643
"[-0.7512060936597417, 1.583577101629451]","[[0.0015253566367974107, 0.00013220445823776102], [0.00013220445823776102, 0.002956209122660432]]",-1.4281450787881222,0.00016982659736077235,"[-0.7420289040399324, 1.5950876039424273]","[[0.0035724728145104232, 5.678653003257231e-06], [5.6786530032572255e-06, 0.0042220393175650085]]",-1.4686019263212613,0.0021776057339129296
"[-0.7367726283719775, 1.4641193348248243]","[[0.0016251667020116209, 9.252173696517463e-05], [9.252173696517463e-05, 0.003062715618933386]]",-1.439434759470091,0.00031468902325034327,"[-0.7309759654913112, 1.5230634318803207]","[[0.008319814597570438, 7.949666860758286e-06], [7.94966686075829e-06, 0.008956034785826373]]",-1.3829382313565073,0.007039399896586652
"[-0.7396182355941295, 1.3186349017633552]","[[0.0016216172382598497, 7.098708304530113e-05], [7.098708304530113e-05, 0.003470622369279693]]",-1.5754672318284033,0.00031485458402234854,"[-0.7115495536401695, 1.3627690799984775]","[[0.014561966441853287, 5.013136227273458e-05], [5.013136227273458e-05, 0.014871804373795353]]",-1.529280643984253,0.013069385682774026
"[-0.731352517664515, 1.1190174742172228]","[[0.001693812326210377, -2.334786246492959e-06], [-2.334786246492959e-06, 0.0034694651481462107]]",-1.5759572954029533,0.00012161064645232873,"[-0.7353147435548898, 1.2768525198668106]","[[0.00399392867697432, 2.917842661660706e-05], [2.9178426616607052e-05, 0.004560686178945679]]",-1.5383764451147273,0.00339541641090419
"[-0.7248158073965543, 0.8448123553105986]","[[0.0018255684246830713, -0.00011842232112752529], [-0.00011842232112752529, 0.003068641523979675]]",-1.4979890596080083,0.00013365541077497493,"[-0.7232521050878468, 0.9470569379177263]","[[0.006341853914128834, 5.767838675729716e-06], [5.767838675729719e-06, 0.007159701127083656]]",-1.4925100922400631,0.005146327793949034
"[-0.724728549950549, 0.6470521122135301]","[[0.0018653035203530551, -0.00022911306833009982], [-0.00022911306833009982, 0.00303440138113866]]",-1.5621660836226994,0.0004246507868704954,"[-0.7181192449769752, 0.7232155191785561]","[[0.004865793196668486, -7.144756220506245e-05], [-7.144756220506238e-05, 0.005646318234236452]]",-1.5625078552196503,0.0035086874273662022
"[-0.7385318622946178, 0.45046829834191926]","[[0.0022412878312202352, -0.0004118330122854514], [-0.0004118330122854514, 0.0031644007044324897]]",-1.4324787883970778,0.00031485827729966294,"[-0.7203537906727286, 0.523627592912231]","[[0.004676333167593618, -0.00012992112359237222], [-0.00012992112359237225, 0.005348016152410708]]",-1.5033362776274808,0.003619649537624948
"[-0.6657734912567691, 0.2659127198811243]","[[0.002237950517725743, -0.0001513678542127101], [-0.0001513678542127101, 0.0026950885176317873]]",-0.9467523876526168,0.0002305275699979963,"[-0.6986489977225516, 0.326835775110892]","[[0.004850374675197568, -0.00021733053143015597], [-0.00021733053143015594, 0.0053625012384776434]]",-1.0959999814046195,0.0034928490586765173
"[-0.5169751821826573, 0.10042538623501791]","[[0.003587078240260511, -0.00026203007803581475], [-0.00026203007803581475, 0.0021133578363598227]]",-0.5114931675398153,0.00031523443869621793,"[-0.5583572815630632, 0.15842846818691847]","[[0.005515352375221904, -8.287022857291218e-05], [-8.287022857291224e-05, 0.005801966124807148]]",-0.5861958538646381,0.004070891015832263
"[-0.31465016338825774, 0.02188710167496816]","[[0.0030269943782801636, 0.00015863868364562536], [0.00015863868364562536, 0.0020964674405094317]]",-0.19209289857715153,0.0002306556384738819,"[-0.3805137227505298, 0.050173534332602146]","[[0.006139011479228169, -0.00012740010483343719], [-0.00012740010483343694, 0.005446831864801575]]",-0.24566441771138603,0.004121192271383319
"[-0.1260309449045333, 0.011771753656592696]","[[0.0031953183399995723, 6.716057323597939e-06], [6.716057323597939e-06, 0.0033264439118790338]]",0.07671775547922444,0.00016999313843092973,"[-0.1781102899476567, 0.014971505856243048]","[[0.005843767418656025, 7.991203607664984e-05], [7.991203607664985e-05, 0.005309593928542032]]",0.061658054426118714,0.0039194381848258715
"[0.010987255797573897, 0.013946328326352198]","[[0.0024938508553041657, 9.09751093906905e-05], [9.09751093906905e-05, 0.0021558003994917637]]",0.058322779242368845,0.0001336262982987694,"[-0.019885723065925003, 0.023466832765096042]","[[0.006241973528367596, 1.0267128392764363e-05], [1.0267128392764367e-05, 0.006256425445855844]]",0.07995564908260276,0.0042379015347409465
"[0.08480099505310709, 0.014843898364054562]","[[0.0024257453739469346, 0.00013795399026112672], [0.00013795399026112672, 0.002493505858941488]]",0.007506757141726439,0.00023026572872041632,"[0.057675989356155435, 0.018449661764216693]","[[0.0052254961575947416, 5.48026630485066e-05], [5.480266304850658e-05, 0.005025008058343846]]",0.019357313286012534,0.00348185308307241
"[0.1297673043431276, 0.01702738914902903]","[[0.001821892248609377, 5.773089721934978e-05], [5.773089721934978e-05, 0.00179261046775091]]",-0.0500952302268396,0.0003142390190435684,"[0.12426893817602729, 0.017043602145786832]","[[0.004703116045092162, 4.639607944896287e-05], [4.639607944896288e-05, 0.004703261458735291]]",-0.053404524362283386,0.003494742028260882
"[0.20081954387625617, 0.006856788637860713]","[[0.0017748068961729322, 0.00010343208406196809], [0.00010343208406196809, 0.001650426921258292]]",0.1309803681750079,0.0004228699118865189,"[0.17942067620783034, 0.01696664291169288]","[[0.004890278935590446, 3.736543450264677e-05], [3.736543450264676e-05, 0.004874160461182954]]",0.08100665239541406,0.003787577917604762
"[0.32451160432220705, 0.05028069820002353]","[[0.001830864486769228, 0.00018692070828820048], [0.00018692070828820048, 0.0018257571522255277]]",0.6356191900633128,0.0003149391227953341,"[0.2758090635233395, 0.029934397879151534]","[[0.004584481272567859, 6.449072855684588e-05], [6.449072855684596e-05, 0.0045114105872877406]]",0.4691071151010995,0.003601638689451717
"[0.4381472239394262, 0.18818622187851003]","[[0.0022502094817270927, -1.6566698914980885e-06], [-1.6566698914980885e-06, 0.00312911090757013]]",1.1496246783312023,0.00023096268192762518,"[0.4107722352309156, 0.14899889588776336]","[[0.005234951613917322, 0.00010464584466816007], [0.00010464584466816013, 0.005223248809439233]]",1.09398303685264,0.004119997975567767
"[0.5031078129568188, 0.40126782393965754]","[[0.0019089788063621788, -3.6815984847449265e-05], [-3.6815984847449265e-05, 0.0027193060095344864]]",1.468243045092186,0.00023002371814669276,"[0.483132097306794, 0.3389899644403828]","[[0.005398334898523073, 3.9327729166682124e-07], [3.932772916668317e-07, 0.005814153397009338]]",1.4079138357241234,0.003937618631497063
"[0.5004329666390716, 0.6203368349353462]","[[0.0021332433509045814, -3.400627979307652e-05], [-3.400627979307652e-05, 0.0026196365777588168]]",1.6401182384633572,0.00013350750604722303,"[0.5037884438730613, 0.5594874336801176]","[[0.005486710714509753, -2.0482998240030436e-05], [-2.0482998240030416e-05, 0.005931063479211059]]",1.6369034856734521,0.00421678753167182
"[0.4867472131210516, 0.8375141286253607]","[[0.0022453045191843557, -0.0001689983977211234], [-0.0001689983977211234, 0.0027361831270214885]]",1.577026438111356,0.0001697700095876205,"[0.49103538695596577, 0.7603326689472236]","[[0.005284970769507613, -1.892170203556481e-05], [-1.8921702035564776e-05, 0.005564779516265686]]",1.6113684307139733,0.003785433650743048
"[0.494911576650684, 1.0342700478085352]","[[0.0020326470549260982, -2.3455734174431798e-05], [-2.3455734174431798e-05, 0.0024307158933370154]]",1.5381269462044855,0.00016942413330525572,"[0.4899182133736027, 0.9712242821949021]","[[0.005072058947421258, -9.546113008351675e-05], [-9.54611300835168e-05, 0.005343303278893515]]",1.5296891067560088,0.003532484561902218
"[0.5022016445632085, 1.2492332058892766]","[[0.00205901501120772, -9.94940911591545e-05], [-9.94940911591545e-05, 0.0029229134780354845]]",1.6100283446361576,0.0004215642988918442,"[0.4962175203624001, 1.169365267496091]","[[0.004919103715304258, -1.9191068029650147e-05], [-1.9191068029650126e-05, 0.005143589638713833]]",1.5957825735274735,0.0035239610986679535
"[0.49273043549601386, 1.4587638153064546]","[[0.0020489772973839074, -0.00025162361451068786], [-0.00025162361451068786, 0.0028842951617867947]]",1.58987652432824,0.0001683798073130617,"[0.49585614087431, 1.3741253938955735]","[[0.00493606119010885, -5.364779216584165e-05], [-5.364779216584166e-05, 0.005390117129119151]]",1.5924802676370662,0.0037555512831470503
"[0.5093398679218542, 1.5841784156906693]","[[0.0023181194214136457, -0.00025810742912300903], [-0.00025810742912300903, 0.002848365291743787]]",1.5755009717897102,0.00042109200908957916,"[0.49222040440259, 1.5439748766110493]","[[0.004744333956631343, -0.00014167804010270914], [-0.00014167804010270914, 0.0052259544958810295]]",1.582044954198844,0.003348896289675098
"[0.49914938688553373, 1.6748352334337837]","[[0.0020154703440975518, -5.573513622645634e-05], [-5.573513622645634e-05, 0.002678154667837441]]",1.5859462476487194,0.0001331948752033164,"[0.5044162424232217, 1.6429533542313846]","[[0.005537368338255118, -0.0001465533710953042], [-0.00014655337109530423, 0.005849034696715415]]",1.5819939091354431,0.004235785563878881
"[0.502570914144392, 1.720693788936332]","[[0.0019040260466288074, -1.8799155252375204e-06], [-1.8799155252375204e-06, 0.0018416294041284855]]",1.5224235167903677,0.00012125526708671024,"[0.504382049409418, 1.7157670524070896]","[[0.004622506463380508, -6.384833064747862e-05], [-6.384833064747865e-05, 0.004692019816770211]]",1.5419425380022833,0.003419380612964162
"[0.5123349199085655, 1.8283411944864185]","[[0.0021683922363333248, -0.00026920075296833285], [-0.00026920075296833285, 0.0021780302543994066]]",1.5387782898105204,0.00031216840580427553,"[0.5060941566256996, 1.7846219547128108]","[[0.0046073839585556295, -4.423434106725017e-06], [-4.4234341067250176e-06, 0.004570834089076874]]",1.5261536983455335,0.0032691667688814754
"[0.5157794438646922, 1.9828657342340434]","[[0.0021684083062913483, -0.0003449243539817525], [-0.0003449243539817525, 0.002604886300295764]]",1.5863289499722912,0.00031083104660875187,"[0.5121160577250641, 1.917694993604202]","[[0.004801795458781327, -0.0001506964351464625], [-0.00015069643514646259, 0.004796123483040968]]",1.5842791958983238,0.0034901485030141314
"[0.5211116616615109, 2.1905682492161245]","[[0.002063703583536459, -0.0003041107164062988], [-0.0003041107164062988, 0.0020585231893541205]]",1.5792998984547233,0.00016819248189789873,"[0.5128734332508965, 2.1061010540569174]","[[0.004895236889585459, -0.00019712342342502462], [-0.00019712342342502457, 0.005112855065414376]]",1.580025573184374,0.0035619541276758664
"[0.5201339580507168, 2.40928260668535]","[[0.002456276221520851, -0.00025000834458775874], [-0.00025000834458775874, 0.0019771233575534416]]",1.5975622418038864,0.00022712525059950112,"[0.5184732470330198, 2.3498864801902357]","[[0.0053729898883107885, -0.00018996225870936037], [-0.00018996225870936026, 0.005350814582729483]]",1.5929491844535282,0.003953469173428957
"[0.5243039710943052, 2.6148275892953112]","[[0.003128514312902752, -0.0005500673197629659], [-0.0005500673197629659, 0.0019470535930504415]]",1.6015252782930913,0.0003082847720798586,"[0.5144992230797579, 2.559405918866665]","[[0.005670545327405807, -0.00015225561783915382], [-0.00015225561783915358, 0.005371359340575482]]",1.6142756217068672,0.004090609145258287
"[0.5203217740226803, 2.8101802889457193]","[[0.0025186098162066064, -0.00012429769365573007], [-0.00012429769365573007, 0.0014764273661380966]]",1.6172764446783194,0.00013261290516813643,"[0.5167386516969223, 2.761105657717925]","[[0.005990700991335045, -0.0003021018318629071], [-0.0003021018318629067, 0.005312745467215293]]",1.6146653357545775,0.004141855803819883
"[0.49698020847537766, 2.992167640301493]","[[0.004118471183794903, -0.0001491280662277823], [-0.0001491280662277823, 0.002248563301304533]]",1.9621305943724692,0.0004163277998222029,"[0.5003279534775562, 2.9478348874130145]","[[0.005228756594469249, -8.750350563707105e-05], [-8.7503505637071e-05, 0.0045289298370124785]]",1.8711248009402066,0.0034545751122511143
"[0.3679948994693658, 3.1875996075803488]","[[0.0044348553400295615, -0.00025398294712244794], [-0.00025398294712244794, 0.0023251138223953664]]",2.5506732362962383,0.0003100608091740751,"[0.4200971986834753, 3.107983567867992]","[[0.005938611097466667, -6.606561867119113e-05], [-6.606561867119106e-05, 0.00500140808213232]]",2.403808109206146,0.0037500115071523094
"[0.19408204933753304, 3.278494466173423]","[[0.0045892694075256955, -0.0004967888431495349], [-0.0004967888431495349, 0.0020207183508823704]]",2.9011954227158454,0.00022725004751000583,"[0.2527037138537092, 3.235806343966353]","[[0.006131011078802086, -0.00011665830171908119], [-0.00011665830171908146, 0.005068472804487812]]",2.817303341919974,0.003643304845604303
"[-0.020584456999466844, 3.3064607605398666]","[[0.003555326461365978, -0.0003546430374724291], [-0.0003546430374724291, 0.002206809990528931]]",-3.0925558828158684,0.0003081488087310324,"[0.06674844217853157, 3.2913771539217827]","[[0.006080617144719635, -0.0002524790184299404], [-0.00025247901842994014, 0.004744846264515738]]",3.129806794233515,0.0034114487343723673
"[-0.18920012488788324, 3.295354865122958]","[[0.0032087502949654212, -0.0005006706048632456], [-0.0005006706048632456, 0.0026184433213416675]]",-3.074958353170369,0.0003121521558837354,"[-0.1203393774208048, 3.2947193053300174]","[[0.005690810777679934, -0.00020414727883886084], [-0.00020414727883886065, 0.004902041241514696]]",-3.0623727367386575,0.003550456501656258
"[-0.27703195669482983, 3.2906381643770346]","[[0.002852391831300057, -0.0004367573171125994], [-0.0004367573171125994, 0.0025471790956444326]]",-3.1242834398369594,0.00016763564442578944,"[-0.24487409635322818, 3.290624218346129]","[[0.006065672590453298, -0.00026933492867276584], [-0.0002693349286727657, 0.0057069161527329]]",-3.127308254617625,0.004149130996582364
"[-0.3220477595043994, 3.286772357280844]","[[0.002693997116443372, -0.0002585106979750465], [-0.0002585106979750465, 0.002501854147858663]]",-3.131068331752838,0.00016775972870657728,"[-0.30479756098772537, 3.2899073648830415]","[[0.005764118959155472, -0.00025362354065222917], [-0.0002536235406522286, 0.005574162087215268]]",3.131681015335138,0.003884807139719755
"[-0.333520561986983, 3.292614456774388]","[[0.0027561009591301434, -0.0003656098290139922], [-0.0003656098290139922, 0.002748550430071329]]",3.1122217292623637,0.00016853310050728642,"[-0.3211366238190831, 3.287373161224519]","[[0.005950056171147712, -0.00015509931114083414], [-0.0001550993111408343, 0.005832668208747033]]",-3.1409117544633536,0.00419688353035473
"[-0.3779617871097404, 3.2952599260166253]","[[0.002944904157926633, -0.00018245118598654876], [-0.00018245118598654876, 0.0034575900342302666]]",-3.1226108703447952,0.00031188784210585743,"[-0.36420068512463233, 3.2926213394600885]","[[0.005319608375047251, -0.0002082122505872169], [-0.00020821225058721698, 0.0053074301076250704]]",3.117865963214726,0.003480061597951808
"[-0.48462895090908054, 3.280160579694378]","[[0.002609580249609948, -7.8867664433928e-05], [-7.8867664433928e-05, 0.002233654358242042]]",-2.7011778192809377,0.00016951999706793638,"[-0.45987410684035807, 3.2832568843158088]","[[0.005458755992124893, -0.00010729859407198825], [-0.00010729859407198831, 0.0057037281633871674]]",-2.8062632796207034,0.0037068138102123293
"[-0.6179438946673939, 3.1798196477931366]","[[0.0028711322634766903, 0.00017728773926387251], [0.00017728773926387251, 0.0025326588485203535]]",-2.0875628244135043,0.00022921741735020673,"[-0.57270647331027, 3.219227123477161]","[[0.005013345893114495, -5.6029243625492727e-05], [-5.602924362549274e-05, 0.004814572864531162]]",-2.2606597622380895,0.003263372296766802
"[-0.6951592345416834, 2.95861282613245]","[[0.002879274208530012, -0.00011526938361489369], [-0.00011526938361489369, 0.0034266749612080886]]",-1.6666571595964568,0.00016962507152757712,"[-0.6627636483376409, 3.052875354559867]","[[0.005207704383321322, 8.027351659182644e-05], [8.02735165918264e-05, 0.005003547939255132]]",-1.7384291173192716,0.003408211497703198
"[-0.7098184466371646, 2.7347165105035485]","[[0.0030425829351200624, -0.00011388749483971406], [-0.00011388749483971406, 0.0026955332152074434]]",-1.5434123661636183,0.00013367621881711596,"[-0.695434974949696, 2.8274566645760664]","[[0.005235216060829526, -4.714736000590212e-05], [-4.7147360005902104e-05, 0.005455365826886185]]",-1.5595493364704993,0.003357297483268202
"[-0.7002485192432217, 2.528944607787444]","[[0.003050629566637747, 5.933384962272044e-05], [5.933384962272044e-05, 0.0027017699895759747]]",-1.569791734688369,0.00022928766812025858,"[-0.7025382535052961, 2.592837895859152]","[[0.005980624157256898, -6.161608558379359e-05], [-6.161608558379351e-05, 0.005795876694651508]]",-1.58155902669972,0.003987074234668365
"[-0.7130705483319535, 2.3161135641139703]","[[0.003114406699463892, -0.00018401980871603023], [-0.00018401980871603023, 0.0029583016383595436]]",-1.5826596194329485,0.0003135351859861031,"[-0.7017483477789073, 2.382018381635093]","[[0.005967649097871644, 2.524561516920544e-05], [2.524561516920548e-05, 0.00574518183053544]]",-1.592210761727981,0.004025051578661082
"[-0.7140621895523673, 2.1162482946445844]","[[0.003153707531792733, -0.0001340642906416822], [-0.0001340642906416822, 0.0032949172772775417]]",-1.5486409334374909,0.00016828741857557121,"[-0.7092235899219839, 2.1914089154764897]","[[0.00522535295265956, -9.53052057661212e-05], [-9.530520576612113e-05, 0.005109859714825076]]",-1.5404489463422788,0.003268919259763733
"[-0.7118782004457327, 1.8987143818449757]","[[0.0028109931881425995, 5.515038488702937e-05], [5.515038488702937e-05, 0.002979756168935426]]",-1.5244607751637955,0.00012132721448608221,"[-0.7085744031300301, 1.9877874806647249]","[[0.005526522026229883, -7.108126272825046e-05], [-7.108126272825038e-05, 0.005561537653390396]]",-1.5395238446885735,0.0035289316078947032
"[-0.7193832435837543, 1.7399680960409685]","[[0.0029751368508313955, -0.000256220717052382], [-0.000256220717052382, 0.0035578311106507325]]",-1.5463643942473806,0.0002292496708094461,"[-0.7046831568409836, 1.8049128109114678]","[[0.005227849337232093, 2.3220251545217278e-05], [2.3220251545217298e-05, 0.00530882141835791]]",-1.517113731080792,0.0033267689666718744
"[-0.7185295819714312, 1.6494419411371988]","[[0.002854364940182426, 0.00017344826764334372], [0.00017344826764334372, 0.003312607733227481]]",-1.5647544563826838,0.0003139825969932309,"[-0.7138498861792971, 1.687760646945563]","[[0.0053007517413792525, -0.00011810905997437981], [-0.00011810905997437989, 0.005580575931269083]]",-1.5602219604906749,0.003446422495777694
"[-0.7319755370965609, 1.6226318279899896]","[[0.0035538702782619423, 0.00010275147952302806], [0.00010275147952302806, 0.003450004111542911]]",-1.540364730099579,0.00012157277983779721,"[-0.7167248350140414, 1.627700870232237]","[[0.005255760080218096, 7.479769114742152e-05], [7.47976911474215e-05, 0.005506681992200719]]",-1.5555958763448876,0.003539510800563645
"[-0.7289406088355151, 1.600763945794235]","[[0.002168342647771246, 6.125514582214073e-05], [6.125514582214073e-05, 0.0028001069819018525]]",-1.473041321757256,0.00013375237696708545,"[-0.7279444598720058, 1.6020955165659496]","[[0.0057912702388809014, 9.578629644261425e-05], [9.578629644261418e-05, 0.005801106910501331]]",-1.4801718788920648,0.003979224654980792
"[-0.710004621085439, 1.4745131447917221]","[[0.0017050814475564867, 0.00010448060071142932], [0.00010448060071142932, 0.0026764634646745757]]",-1.4998307132871573,0.00013364541699633676,"[-0.720772307168848, 1.527516258611074]","[[0.006686436783441922, 4.0624859214573536e-05], [4.062485921457353e-05, 0.007023284385511927]]",-1.4831419688068226,0.005187357145725659
"[-0.7108704282970131, 1.3377902398553692]","[[0.0018432673424762988, -0.0001076860587078401], [-0.0001076860587078401, 0.0031748971241959702]]",-1.5964721859107656,0.0004235961662609936,"[-0.7075104622026392, 1.3850174250992549]","[[0.004600448091522949, 6.860799541014731e-05], [6.860799541014734e-05, 0.005227602778171773]]",-1.572023485899469,0.0033222637747182667
"[-0.7161188053215931, 1.1449876324960646]","[[0.0018931151688006142, -0.0004374281576548559], [-0.0004374281576548559, 0.004269557829524211]]",-1.5602284759873062,0.0003142360157565488,"[-0.7135367583703387, 1.2103622787021628]","[[0.00465133098894643, -5.3577703143049074e-05], [-5.357770314304907e-05, 0.005388093206353225]]",-1.5795087962494603,0.0036091630148515
"[-0.7164264746135417, 0.9037919079743036]","[[0.0018302536889828463, -0.00014379187637236226], [-0.00014379187637236226, 0.0029178355049705985]]",-1.5291078137094531,0.0001338081039846958,"[-0.7112395611995658, 0.9847754812556243]","[[0.005134536350650034, -0.00021981058183040032], [-0.0002198105818304004, 0.0063374714852408994]]",-1.5330675439107886,0.003957647716684804
"[-0.7168971190044552, 0.6993680502964523]","[[0.0013790441300490924, 8.791460551028758e-05], [8.791460551028758e-05, 0.003087621945756952]]",-1.5707843595471795,0.0001700849049983249,"[-0.7103981407706126, 0.765050129218472]","[[0.005095497153226937, -9.454730166729004e-05], [-9.454730166729001e-05, 0.005766480536282987]]",-1.5535329289383277,0.0037889428862783016
"[-0.7203569550048902, 0.502110218086644]","[[0.0017318334972386924, -1.1988704510219485e-05], [-1.1988704510219485e-05, 0.0026370985900656314]]",-1.5259970779306682,0.00012161188135923341,"[-0.7156619263729481, 0.5476735020874116]","[[0.005178594039906451, 4.463057489536016e-05], [4.463057489536012e-05, 0.0061547209934996825]]",-1.5468919685504967,0.004207045893084423
"[-0.6847488804017057, 0.3145936352551851]","[[0.001775772423297888, -9.684725851138384e-05], [-9.684725851138384e-05, 0.0025783203446597125]]",-1.119721040529008,0.00017013714895733567,"[-0.7015652612205329, 0.36556367159262987]","[[0.004633705860631591, -2.114233055937676e-06], [-2.1142330559376775e-06, 0.005207575667344138]]",-1.2881806585420226,0.0033754122959655727
"[-0.5554956056893035, 0.13679933410983935]","[[0.0027546247922837054, -0.00011504532167930789], [-0.00011504532167930789, 0.002244212056921844]]",-0.5236637744638831,0.0001698523729081353,"[-0.6042839515458276, 0.20101120466798889]","[[0.004778678583734561, -4.566026827023269e-05], [-4.566026827023267e-05, 0.005265419859098364]]",-0.7249779945548734,0.0035629735031047736
"[-0.3583825271425895, 0.07412677738356462]","[[0.003181744796570355, -5.3329453719803e-05], [-5.3329453719803e-05, 0.0024184048445391963]]",-0.1669425794681825,0.00013385181543955333,"[-0.42807280501791445, 0.09162907021240821]","[[0.005436126602487999, -5.62661366713403e-05], [-5.626613667134036e-05, 0.005223548008816615]]",-0.23885064623114083,0.0037061160391236316
"[-0.15626185334260745, 0.05141917653961324]","[[0.0028559413599983613, 0.00025404224638325555], [0.00025404224638325555, 0.0025006094244044643]]",0.03184483340632216,0.0001337485412449333,"[-0.20676050065676918, 0.06424390475133583]","[[0.006050032575346524, -3.1172510341605055e-05], [-3.117251034160509e-05, 0.005664375226955319]]",0.029207443781501315,0.003991547992195913
"[0.03202261768988568, 0.05105053912217836]","[[0.0023752103828453427, 7.858989807776824e-05], [7.858989807776824e-05, 0.00362898488090653]]",-0.00832049316240324,0.00016996122270561637,"[-0.013264995615608316, 0.05779180820398189]","[[0.007030161252009908, 0.00013064285326089492], [0.00013064285326089495, 0.006841755541818573]]",-0.017460967778069044,0.0051467769687664035
"[0.10776021837376716, 0.041795258035902054]","[[0.0021557254967829688, 0.00021705805243586553], [0.00021705805243586553, 0.0027266526729398553]]",-0.03131224591769222,0.00031460419180460124,"[0.07504921021797965, 0.052655323447810314]","[[0.005056391838503801, 5.2059958964585153e-05], [5.205995896458514e-05, 0.005748767603872494]]",-0.02849170545979751,0.003359480978025317
"[0.15775653911478993, 0.046193545389284704]","[[0.0017841390903787938, -2.3277718223068202e-05], [-2.3277718223068202e-05, 0.0016274197944136373]]",-0.15879459490170383,0.00023004497929234147,"[0.14838610716230524, 0.04464461635827984]","[[0.005244199151759441, -3.4518406945358254e-05], [-3.451840694535827e-05, 0.005306278127395734]]",-0.14978151119912428,0.004013081603787321
"[0.21708800826744498, 0.02604033876207624]","[[0.0019301915775901406, 4.6716308559715476e-05], [4.6716308559715476e-05, 0.0015242463957219335]]",0.008083235450700776,0.0004226445402622245,"[0.20110299278227134, 0.040273275101141925]","[[0.0046012188924926594, -1.638972135585771e-05], [-1.6389721355857736e-05, 0.004502186246716289]]",-0.05736128891410352,0.0034163585222992455
"[0.34316577234503626, 0.052830681558436655]","[[0.001960535975837568, 3.257604218260053e-05], [3.257604218260053e-05, 0.001718859600989444]]",0.5029167699897537,0.00012157854815270107,"[0.3016588423398001, 0.04265023219871456]","[[0.004906403283549714, 2.5970694002455364e-05], [2.597069400245537e-05, 0.004661621374485332]]",0.3928289967258207,0.0038435938428838068
"[0.48320793770899473, 0.17495939403921207]","[[0.001990111668423212, 2.8460278415537825e-05], [2.8460278415537825e-05, 0.002873200140143307]]",1.185386641828787,0.00013380334081039113,"[0.4345492308723339, 0.14296921025567483]","[[0.005166162322238228, 1.2359137630689741e-05], [1.235913763068977e-05, 0.005003755865100829]]",1.1200997850473013,0.003780113416070245
"[0.5161018279645072, 0.39857491527741185]","[[0.0019870555902351573, -9.190584705050719e-05], [-9.190584705050719e-05, 0.002271721771459577]]",1.583469748841406,0.00016995416430717203,"[0.5022994704425501, 0.30549195882947394]","[[0.004590894187261537, 1.4380230490753627e-05], [1.4380230490753631e-05, 0.005035077202005373]]",1.5669165595609105,0.0031906847026090487
"[0.5048186840864777, 0.6244164730192046]","[[0.002330050888160469, -0.0001536280540121288], [-0.0001536280540121288, 0.002761123571008923]]",1.5924409645933508,0.0001336317441207199,"[0.508598668464523, 0.5422198855400178]","[[0.0051925698338778975, -5.100618372912322e-05], [-5.1006183729123216e-05, 0.00535732318054472]]",1.6116717398429008,0.0038367079189097456
"[0.509462020744678, 0.8285614883024076]","[[0.0022122187712922308, -3.420874003944899e-06], [-3.420874003944899e-06, 0.0023696459431247533]]",1.5592628450653594,0.00012141117189268176,"[0.5041321267429328, 0.7702810021917925]","[[0.0056069899175156535, -8.498916475835538e-05], [-8.498916475835538e-05, 0.0058214029256399135]]",1.5602020940022916,0.0040056312131411835
"[0.5143248611628181, 1.0406026617123685]","[[0.0019102678664250855, -6.757076302665428e-06], [-6.757076302665428e-06, 0.002740754287692467]]",1.577548483463361,0.0004209584691330565,"[0.5083709037907219, 0.9680190030940576]","[[0.005074852089814543, -6.587198909561601e-06], [-6.587198909561604e-06, 0.0051613834216619504]]",1.5806042600018362,0.0034916660804958097
"[0.518679579144689, 1.2474806108871992]","[[0.0018579357313049396, -0.00015931744206719445], [-0.00015931744206719445, 0.002741392460558074]]",1.584785994041763,0.00031342549967047827,"[0.5127426435209492, 1.1651640469987232]","[[0.0046913363302151815, -4.108951604174158e-06], [-4.108951604174157e-06, 0.005136616491527424]]",1.5612224016182408,0.003589895783809186
"[0.5254263255411658, 1.4420651709738865]","[[0.0019313957046385804, -7.871226126908402e-05], [-7.871226126908402e-05, 0.002933388022165214]]",1.5895944585074293,0.00013311121482956906,"[0.5151618933314412, 1.3724385691588545]","[[0.004764890637641408, -8.936129067296346e-05], [-8.936129067296333e-05, 0.005268516764629382]]",1.5881901224516197,0.0036137668988428886
"[0.5192655131077532, 1.5967081383992812]","[[0.0022870364445371663, -0.0003387670126204354], [-0.0003387670126204354, 0.002973785616654757]]",1.5882535469165444,0.00041942357380621883,"[0.5205747218758653, 1.5306805631371279]","[[0.004658155675764096, -4.890962786006372e-05], [-4.8909627860063665e-05, 0.005235244830284963]]",1.6021818366518321,0.0033035077421810595
"[0.5175272355330636, 1.6759716677169154]","[[0.0021971834067288708, -0.00020102848801663864], [-0.00020102848801663864, 0.0029622477001368143]]",1.593413943194486,0.0004196081650652908,"[0.5191625703530459, 1.6416389539254594]","[[0.004909311071223535, -0.00017985695281250987], [-0.0001798569528125097, 0.005308410082042174]]",1.5830545077272387,0.0036296721468411248
"[0.5140834767509167, 1.7325724865336556]","[[0.0016735471761194288, -9.677498706919883e-05], [-9.677498706919883e-05, 0.0019084533612815412]]",1.5479990856439134,0.00013321228205707007,"[0.5155294125690976, 1.7169055062510488]","[[0.004396156378992867, 7.750094214540694e-05], [7.750094214540695e-05, 0.00462567869751385]]",1.562094394489315,0.0033162248625811025
"[0.5151639780222216, 1.8207785714941989]","[[0.0015533058801367207, 3.783464147104815e-05], [3.783464147104815e-05, 0.0020510444652953102]]",1.5392101731122727,0.00013327061510514662,"[0.5163125164194, 1.7976729871239736]","[[0.004675609383906384, -5.529164249666048e-05], [-5.529164249666043e-05, 0.004826802849014055]]",1.5360025479437782,0.0035039459025651295
"[0.5282757392650314, 1.984878278729589]","[[0.002062616628265201, -0.0003753742815157167], [-0.0003753742815157167, 0.002491292541624633]]",1.5886907852647625,0.0003103243181224153,"[0.5169456991519884, 1.9174100921608541]","[[0.004419762697241513, 2.0392307297209706e-05], [2.0392307297209706e-05, 0.004721880126942473]]",1.594723947388446,0.0033122956681131853
"[0.5277524954040063, 2.190171248346062]","[[0.001996700926094657, -0.00016386531480302966], [-0.00016386531480302966, 0.0021061217070051435]]",1.6136298515592022,0.0001680654247941553,"[0.520913181840171, 2.1028928305693353]","[[0.004733624253951027, -0.00020299948644679838], [-0.00020299948644679882, 0.004971206004441963]]",1.6317926645057463,0.0034855179813847925
"[0.5191982426454532, 2.4074735332533925]","[[0.0023145822713023056, -0.0002605612467379313], [-0.0002605612467379313, 0.0020757586500235914]]",1.6046865669610497,0.0001331975334878804,"[0.5193982842590609, 2.3504277719405535]","[[0.005402730886398862, -0.00010594147137760342], [-0.00010594147137760348, 0.0054478761493609645]]",1.6145930566189417,0.0040261965196098865
"[0.5151594228627487, 2.6137431612533857]","[[0.0020899966812280607, -5.429677478586183e-05], [-5.429677478586183e-05, 0.0019479711209074986]]",1.5899855154280003,0.0001210420233533119,"[0.5160147159392957, 2.5566588504577643]","[[0.0055355511481194435, -0.00015326019270706253], [-0.0001532601927070625, 0.005378012747203875]]",1.591763353099143,0.0039524422515451255
"[0.518484480086031, 2.8085523466719127]","[[0.0030209710144271915, -0.0004444008629126705], [-0.0004444008629126705, 0.002278917393185688]]",1.6282790797247924,0.000416565716606255,"[0.5131171631705759, 2.761559414239107]","[[0.005358476258017254, -4.00595122262696e-05], [-4.0059512226269576e-05, 0.005241577714615438]]",1.5957718902570033,0.003867086081046721
"[0.4876579914532927, 2.9861820729366237]","[[0.004945816051475558, -0.0004718908319386054], [-0.0004718908319386054, 0.0023271325119001004]]",1.9894878084895764,0.000226934618862213,"[0.49878689074068305, 2.941760621581921]","[[0.005320481459720806, -0.0002372886886694693], [-0.0002372886886694692, 0.004894438858383155]]",1.8396806167421529,0.0035864453350244892
"[0.34194331070615636, 3.187362575726415]","[[0.004697118040774613, 0.00020854208149260946], [0.00020854208149260946, 0.002516613753011704]]",2.6178302785977516,0.00012106916122614938,"[0.4089468430103558, 3.1034930489437658]","[[0.006260026294167103, -0.00022224024557223614], [-0.00022224024557223606, 0.005057230352083637]]",2.3709399584760176,0.0035679684844954263
"[0.1691707241607234, 3.2612776871585623]","[[0.004038727819597438, 0.00023312821749498674], [0.00023312821749498674, 0.002765644388835736]]",2.9892587845548295,0.00012100614861282456,"[0.22268229206978774, 3.2255472948758324]","[[0.006310909287833503, 7.84849740227738e-05], [7.848497402277388e-05, 0.005207954729452326]]",2.9084112664051815,0.003502527937714939
"[-0.03980358635015302, 3.2827140879292345]","[[0.003252640551345435, 7.306327011121489e-05], [7.306327011121489e-05, 0.0023657395778543078]]",3.0941621284442626,0.000132641456889586,"[0.03907100341510688, 3.268535742220073]","[[0.005934109454758967, 0.00012063469062166344], [0.00012063469062166341, 0.005234559143880113]]",3.084580748588709,0.0033719216202098257
"[-0.20311359942739604, 3.294092674298126]","[[0.0032152990635501547, -0.00029854830938001655], [-0.00029854830938001655, 0.0027374932720624283]]",3.13821508563116,0.0003100002307870557,"[-0.14955066465996442, 3.284139810514674]","[[0.005927542948499076, 4.776926264347165e-05], [4.776926264347169e-05, 0.00542138414599764]]",3.129614714337026,0.003791653678000146
"[-0.29633215033032334, 3.291217090948619]","[[0.003406135073394718, -0.0003076512033115626], [-0.0003076512033115626, 0.002808530236344827]]",-3.1248301370321516,0.0004189477040319776,"[-0.2639981498033075, 3.290526572874122]","[[0.006031587892949885, -0.0001434537920813653], [-0.000143453792081365, 0.0057551596598103645]]",-3.1228716809563775,0.0041230749151826
"[-0.34563967969759024, 3.2906074444656794]","[[0.0026992472631861882, -0.00011248944306398723], [-0.00011248944306398723, 0.002316762722226231]]",-3.1250527965024837,0.00022767579759003467,"[-0.3212835108600717, 3.2902724865205917]","[[0.005961070700501633, -0.00016233530369942655], [-0.00016233530369942634, 0.005645608208865314]]",-3.136465693481312,0.0040563407192388285
"[-0.3459098843176629, 3.2889154483823164]","[[0.002716286155698887, -0.00028598164577863693], [-0.00028598164577863693, 0.0025802337581556983]]",3.1247625622587116,0.00022695211372091354,"[-0.3423528537292473, 3.29036771801051]","[[0.005814866290470305, -7.296427436765562e-05], [-7.296427436765566e-05, 0.005579875682056488]]",-3.1308852463098242,0.004073049419074638
"[-0.39534800885558363, 3.2888209349946838]","[[0.0027693649554238614, 3.079345779567312e-05], [3.079345779567312e-05, 0.0022539797186302106]]",-3.1253227919314344,0.00012121690744427628,"[-0.3816116046927375, 3.29043904671654]","[[0.0053317196536066935, -0.00016173259056803544], [-0.00016173259056803552, 0.005241022645074698]]",3.130393279677212,0.0035687401747115954
"[-0.5018402987885305, 3.2785818435627316]","[[0.0031944364709626622, 7.687050919599391e-06], [7.687050919599391e-06, 0.002835233190460362]]",-2.725906460926392,0.00022926859065981633,"[-0.47523164645566107, 3.2747805245445076]","[[0.005402523309642812, 4.517103263428742e-06], [4.517103263428742e-06, 0.005119669199865025]]",-2.709142474271083,0.003546636172993395
"[-0.6489998680571658, 3.161520771747716]","[[0.0034538846713159524, -9.862921131471019e-05], [-9.862921131471019e-05, 0.0028855420870583797]]",-1.9745025741745514,0.0004225798865385447,"[-0.5955414757262559, 3.1809652851927797]","[[0.006747881097156956, -9.247554063316963e-06], [-9.247554063316962e-06, 0.006545133294026881]]",-1.948251557853781,0.004815309765867796
"[-0.7018327049327346, 2.918964403830321]","[[0.0029549417940216345, -1.2577579879413449e-05], [-1.2577579879413449e-05, 0.003014264843670631]]",-1.514102587913016,0.00016872339304780341,"[-0.6748619273307422, 2.9805781928696757]","[[0.006379198277378897, -5.851508003750105e-05], [-5.8515080037501086e-05, 0.006016962268178529]]",-1.5268115744406725,0.0042934929867573125
"[-0.6943006740997016, 2.6816785912395376]","[[0.0029905618956566414, 0.0001846233931098425], [0.0001846233931098425, 0.0030053381778619498]]",-1.4918992820417483,0.00041996607850844597,"[-0.6810638181338112, 2.767140634440562]","[[0.005846651623018515, -8.430297375441604e-06], [-8.430297375441602e-06, 0.005823416102261047]]",-1.4758485820016305,0.0038705475532755333
"[-0.6942526564646582, 2.4904975884092364]","[[0.0031122294539512214, 4.413857877158276e-06], [4.413857877158276e-06, 0.002858100526369086]]",-1.6604713436902658,0.0003119963300851305,"[-0.6870459230105439, 2.5404405852573446]","[[0.006147255814365247, 9.049114020104778e-05], [9.049114020104776e-05, 0.00611721178757842]]",-1.6451944479481653,0.004418326495361711
"[-0.7260910153622331, 2.2909095507133674]","[[0.002998280610379868, 9.042344690772934e-06], [9.042344690772934e-06, 0.003047352201327687]]",-1.6037660786483812,0.00012141203806792694,"[-0.704523875428159, 2.3516208026655043]","[[0.005608002174940752, 7.367614424560937e-06], [7.367614424560934e-06, 0.005450598625111266]]",-1.63287377113316,0.0036791314713362842
"[-0.7151239904365194, 2.0765958841855356]","[[0.003116047734194839, -0.0001335842460682291], [-0.0001335842460682291, 0.003601905009006219]]",-1.4649323401203265,0.0004207426065592012,"[-0.7195630035342899, 2.159494826041971]","[[0.005324720774445428, 5.615600263536643e-06], [5.615600263536648e-06, 0.005321065487797839]]",-1.505528436709791,0.0033106096502608074
"[-0.6960962038375605, 1.8748546422624177]","[[0.0025441493461320916, -0.0001345903574345538], [-0.0001345903574345538, 0.0031468437929673865]]",-1.4779928222881595,0.0004214592163188538,"[-0.7017419315423521, 1.9585262374958199]","[[0.005363252057879065, -5.942909852095682e-05], [-5.942909852095675e-05, 0.005568955604675938]]",-1.473279844171692,0.003579490269668184
"[-0.7007313458968807, 1.722520839459683]","[[0.0026047492954001054, -8.572860394041004e-05], [-8.572860394041004e-05, 0.0034109579985071936]]",-1.550362622848616,0.00016950118062126433,"[-0.6886071529785188, 1.77945275777014]","[[0.0056059064824327655, -7.333602301556292e-05], [-7.33360230155629e-05, 0.005919699988364139]]",-1.5267147900956708,0.0041263016643293855
"[-0.7003307350071334, 1.6506125138809795]","[[0.002763199085373588, -0.00013936726582311197], [-0.00013936726582311197, 0.0033861201113462402]]",-1.594440421317548,0.00031446345229589015,"[-0.6969455649514236, 1.6827808474769022]","[[0.004896653927744552, -4.915364859914958e-05], [-4.9153648599149603e-05, 0.005326291900069757]]",-1.5797404261465147,0.003173231003269074
"[-0.7063768654793264, 1.5903313159014594]","[[0.0019153728835389796, 0.00012287976336258208], [0.00012287976336258208, 0.0027809896026407873]]",-1.670335621916043,0.00022880324099642626,"[-0.7047806559701003, 1.6025022579201817]","[[0.0052262318717609035, 4.800806824980202e-05], [4.8008068249801994e-05, 0.005459813145168666]]",-1.6729386599087914,0.0037128273690701786
"[-0.7098745712524276, 1.4890165223765233]","[[0.0018727854808618608, 5.059301433417332e-05], [5.059301433417332e-05, 0.0023373956084130434]]",-1.6048141487125276,0.0003133775882314915,"[-0.7119984661347227, 1.5232293247044681]","[[0.0050416493120097996, 7.092422132128584e-05], [7.092422132128584e-05, 0.005532688699487968]]",-1.6230117127390111,0.0037903765702857585
"[-0.7165721746474906, 1.333574726775847]","[[0.001553903343272208, 8.127891051203922e-05], [8.127891051203922e-05, 0.00272625941484247]]",-1.5466503590205447,0.00031443213654732495,"[-0.7116112621765094, 1.396421426534402]","[[0.004543296430378881, 3.394203047431961e-05], [3.394203047431961e-05, 0.004838546915887573]]",-1.5509648793498765,0.0033727602283634426
"[-0.7043778106303993, 1.1312174068287602]","[[0.001675815985386684, -0.0001047218458380272], [-0.0001047218458380272, 0.0032147398371594484]]",-1.5623553105474237,0.00016982126121388287,"[-0.7124937693874098, 1.2153724990510255]","[[0.004414849592939696, 4.882961635941069e-05], [4.882961635941069e-05, 0.005084938605265146]]",-1.5468676245365927,0.003461266386588089
"[-0.7122549899671954, 0.9031387009352503]","[[0.0013482487739443917, 7.559464164409779e-07], [7.559464164409779e-07, 0.002652826285204673]]",-1.5454305725130875,0.00016971099251481355,"[-0.7039487307010298, 0.9709111615903145]","[[0.005139893278499886, -5.2637476988843596e-05], [-5.263747698884363e-05, 0.005981000222428998]]",-1.5478204696713165,0.003975541989378562
"[-0.7116507762241578, 0.7098801014669749]","[[0.0014185980955711446, -2.8022052710056724e-05], [-2.8022052710056724e-05, 0.0026949871925538394]]",-1.5446796608017006,0.00022989077127408584,"[-0.7044187461312342, 0.7533944737783139]","[[0.004944411386927117, -7.041952898053311e-07], [-7.041952898053328e-07, 0.0057528013076088]]",-1.5173238887548075,0.003986154379213077
"[-0.707933053480643, 0.49743535137913286]","[[0.0017216601523698135, -0.0001610338341013511], [-0.0001610338341013511, 0.0024680404055128966]]",-1.4926470669532326,0.0001336586224154544,"[-0.7052260792975553, 0.5530999135789281]","[[0.005154518758625414, -1.539551647462665e-05], [-1.5395516474626674e-05, 0.005913418753384657]]",-1.518674240212219,0.004214588936420759
"[-0.6714004490355943, 0.3215404251193134]","[[0.0021110908525572535, -0.0002246814535876045], [-0.0002246814535876045, 0.002423941845848589]]",-1.1348304343170956,0.00012157879625284825,"[-0.6848356000930992, 0.3619654872237869]","[[0.004722041438576683, -9.453245237033067e-05], [-9.453245237033059e-05, 0.005193039167768931]]",-1.2639896090620608,0.003481192945384747
"[-0.5500696166912706, 0.15766838493065027]","[[0.0029201904358446477, -0.0002213655920782365], [-0.0002213655920782365, 0.002326388233309272]]",-0.49401703789541335,0.00013377633673327337,"[-0.591656852318246, 0.2049583670321913]","[[0.005004105650922524, -0.00012169804750846152], [-0.00012169804750846132, 0.005203622188938533]]",-0.735192644324559,0.0035464341088768474
"[-0.3444046982113208, 0.07730239771893305]","[[0.0027877370377026424, 8.486339473892172e-05], [8.486339473892172e-05, 0.001949608704370649]]",-0.13128726443214458,0.0003146736621492506,"[-0.41484020941795285, 0.11733876410064824]","[[0.005529599012517677, -0.0001169343550785322], [-0.0001169343550785323, 0.0052619735955939575]]",-0.1560167319833945,0.003674103282175038
"[-0.14662589037260584, 0.05049130978741216]","[[0.0023088277425097545, -0.00017940584247684086], [-0.00017940584247684086, 0.0022274274946289655]]",-0.03963977954984576,0.0004236537246427357,"[-0.22049656151046543, 0.07121822036628306]","[[0.005196347311282881, 4.2940897432729474e-05], [4.294089743272944e-05, 0.00472102662828838]]",-0.059550661243012566,0.0034912764800745654
"[0.008435662114714998, 0.04241179289339712]","[[0.0021062357222830477, -0.00013381423784475618], [-0.00013381423784475618, 0.002386243472535105]]",0.01599697456061477,0.00017007991899833892,"[-0.03147105058317227, 0.052348643231573684]","[[0.005536453802557336, -9.782151706904768e-05], [-9.78215170690477e-05, 0.005480249547674953]]",-0.008617992582852452,0.004216367397965779
"[0.09915753601572307, 0.04925099416291222]","[[0.002158414808718405, 0.00013506841337260865], [0.00013506841337260865, 0.002302776235251995]]",0.0049717775984605694,0.00016988944753000288,"[0.07343791566920779, 0.04659100365116976]","[[0.005414533507982143, -8.127787824777516e-05], [-8.127787824777516e-05, 0.005570873017021678]]",0.01224453782391599,0.0039999534116622075
"[0.1565646210041593, 0.04993884336164933]","[[0.0013071671391211986, -5.1547403666019684e-05], [-5.1547403666019684e-05, 0.0016674215029814504]]",-0.09209759690212407,0.00017002521394588266,"[0.14925400711491918, 0.04571198399277346]","[[0.005255601371736916, -5.0036378744677656e-05], [-5.003637874467763e-05, 0.005383963609759775]]",-0.07990316963614275,0.004135330428576635
"[0.21129048059360558, 0.03757740622704331]","[[0.001716569419167415, 0.00010209127596278532], [0.00010209127596278532, 0.0015924505423098138]]",-0.046844737201348075,0.00023001114399431543,"[0.19896418411937666, 0.04449319370801947]","[[0.004863554086923836, -3.579414013229266e-05], [-3.5794140132292675e-05, 0.005107916945121865]]",-0.09173916765789603,0.003964070044849563
"[0.320152262443544, 0.0401934221487369]","[[0.0016462666754128805, 5.077545379634333e-05], [5.077545379634333e-05, 0.0015967834673046401]]",0.36445046722831714,0.00031461224005548106,"[0.29753039596770303, 0.0480708687811317]","[[0.005323191399017063, 6.058693159427989e-05], [6.058693159427988e-05, 0.00526507459319514]]",0.32573272968099065,0.004228322458881057
"[0.4689249525712307, 0.13873014144928095]","[[0.0019084236208498884, 3.0403258214998998e-05], [3.0403258214998998e-05, 0.0022058894885450004]]",1.0245556716025817,0.00031502772758064493,"[0.41681727684342706, 0.12312628110581503]","[[0.005387713613680865, 2.336181378108092e-05], [2.3361813781080898e-05, 0.005354017571348261]]",1.1278729994159278,0.004390231330153906
"[0.5150929460497367, 0.34350753160357983]","[[0.0022391362542428478, -0.0001465572946980508], [-0.0001465572946980508, 0.0032964144581429577]]",1.7502582514629406,0.0001337239941690359,"[0.5063794364607158, 0.2704493038011105]","[[0.004706577162384247, 1.5111093408536402e-05], [1.5111093408536382e-05, 0.004865783731333533]]",1.5583709853165904,0.003499210248203334
"[0.43609650391816773, 0.5591795157173006]","[[0.0023464002971670577, -0.00018347458070969332], [-0.00018347458070969332, 0.0030192141037903453]]",1.9883313423742506,0.00012163271848499238,"[0.47623639003784646, 0.47531737031667387]","[[0.004887054253076441, -6.70410684207447e-05], [-6.70410684207447e-05, 0.00541370329704388]]",1.911961398904448,0.0033523386040170177
"[0.3867294002880221, 0.7697342407401794]","[[0.002696883892034217, -0.0001784889699099067], [-0.0001784889699099067, 0.0028442728832656695]]",1.488276021934377,0.00017006696532394013,"[0.4026971047368382, 0.6691384719263972]","[[0.004923205165718859, -9.752222064426546e-05], [-9.75222206442654e-05, 0.005302786668237033]]",1.7039123928665605,0.003311236967871205
"[0.4513934921346026, 0.946835364536053]","[[0.002857742973403053, -0.0002952557717600754], [-0.0002952557717600754, 0.0032063403911101046]]",1.1754007000801163,0.0003153056896202206,"[0.42607362803477666, 0.9039242096782121]","[[0.005604601887627757, -0.00010678026895256927], [-0.00010678026895256933, 0.005690976795986571]]",1.1669159219217002,0.003829875255126502
"[0.5069489509809166, 1.1276135037297157]","[[0.002824439536113897, 3.523877915306186e-05], [3.523877915306186e-05, 0.0033561311528900856]]",1.6356165449117575,0.00013352080077271721,"[0.49175273015754195, 1.0940740702998188]","[[0.005799722036385532, -0.00016148761471209222], [-0.00016148761471209214, 0.005951757334400135]]",1.5077935660446933,0.00406236907461759
"[0.470895518542727, 1.3500179991730168]","[[0.0033541811839858564, -0.00011278787214848038], [-0.00011278787214848038, 0.003361943674430264]]",1.9441378320127365,0.00013346396000631287,"[0.4852515588128724, 1.2636539162184237]","[[0.005255307224746036, 7.614825356949696e-06], [7.614825356949695e-06, 0.0055247317580354414]]",1.8113922506753497,0.0033295975835863625
"[0.4239564169200448, 1.5175633690133088]","[[0.003726723424987256, 2.1646955109557545e-06], [2.1646955109557545e-06, 0.0035356235117623524]]",1.6915042679590129,0.00012137984523395788,"[0.43304246214275227, 1.4453509164003087]","[[0.0057486680542614965, -4.825818266142709e-05], [-4.825818266142709e-05, 0.005770334909851853]]",1.7847437541400728,0.003618654880403158
"[0.4208952119476226, 1.5981325034721052]","[[0.003308595798718627, -2.9312716724275473e-05], [-2.9312716724275473e-05, 0.0035611740385953212]]",1.4403307871385003,0.00042418565349681606,"[0.42224844945121154, 1.5681137534213117]","[[0.005880505667040024, -4.374018330221606e-06], [-4.3740183302216e-06, 0.005794849420981892]]",1.490964985183024,0.0035406782229488935
"[0.42226152541149264, 1.650402921548147]","[[0.003532231829050872, 0.00011901523686195666], [0.00011901523686195666, 0.003675853727497558]]",1.3802635187766192,0.0004232144207424574,"[0.4263197494269137, 1.6244043690283316]","[[0.005588475980611279, -1.4300777155950078e-05], [-1.4300777155950086e-05, 0.005699905675039364]]",1.39955849794707,0.0036945378179505913
"[0.43047916355896215, 1.6646890535067076]","[[0.002263492828134635, -0.00019237455849546598], [-0.00019237455849546598, 0.0026956184399421737]]",1.3094322958975242,0.00022991855504588685,"[0.42421557085553785, 1.6469517002614336]","[[0.00559813910989968, -8.648235357026789e-05], [-8.648235357026789e-05, 0.005735053390859185]]",1.3346415324728378,0.003824593911315226
"[0.44207799871331005, 1.7170849829933652]","[[0.0027007464479527534, -0.00020099946186042934], [-0.00020099946186042934, 0.002683582230282608]]",1.3051347828725766,0.00031381234936065706,"[0.4457405401006637, 1.7146740696702123]","[[0.005542146142852094, -0.00011163792428302302], [-0.00011163792428302306, 0.005785232864063059]]",1.2724836849482328,0.004081308756487955
"[0.474304788555269, 1.8702358201460378]","[[0.00317437134256049, -0.00033557605895966335], [-0.00033557605895966335, 0.003096202035628936]]",1.6040654899471714,0.00022866311449895303,"[0.4616793402079231, 1.8145254218585969]","[[0.005206253677993733, -0.00011897596331233546], [-0.00011897596331233548, 0.005204540398831758]]",1.5117696352681025,0.0035272438992922923
"[0.4560678072698228, 2.0607657199750675]","[[0.0026342617312055555, -0.00024669917091256884], [-0.00024669917091256884, 0.0030583216218585904]]",1.8172512952833468,0.00012143094140206945,"[0.45855626039491765, 1.9871499863129956]","[[0.005478965511392872, -0.00016992329017193882], [-0.0001699232901719391, 0.0054262743428327665]]",1.7288434290100012,0.0035210341380771237
"[0.4065111683376451, 2.2973488572050944]","[[0.0027876261357428125, -0.0002313691452784441], [-0.0002313691452784441, 0.002380806403958903]]",1.813286501769904,0.00013344587068404526,"[0.4167359142512511, 2.190733884611032]","[[0.005186323139016849, -0.0001346278315120462], [-0.00013462783151204643, 0.005381489606529939]]",1.847112004087904,0.003385039838996776
"[0.36661072932324684, 2.5209121388846882]","[[0.0030199030473020763, -0.0003714215934397319], [-0.0003714215934397319, 0.0023539052185798074]]",1.5824406547389394,0.0001330840869313184,"[0.3769558427249456, 2.419724886489598]","[[0.005182135285218688, -0.00013116750490947001], [-0.00013116750490947001, 0.004961256281262329]]",1.6886249073806112,0.0033202380689905807
"[0.4038170558253127, 2.69892745110838]","[[0.0034866061610838357, -0.0004541836911773206], [-0.0004541836911773206, 0.0022076701442027137]]",1.1921970463242184,0.0002283985567127284,"[0.37933973866226023, 2.6320801363121]","[[0.005273898783936008, -0.000205425905582611], [-0.00020542590558261114, 0.00489691216570338]]",1.3205949025935872,0.003300015229735857
"[0.4822064017946894, 2.8475474329126786]","[[0.004159858684442036, -0.0006467988157874734], [-0.0006467988157874734, 0.003091199692625462]]",1.191228652494627,0.00031004332428273144,"[0.46402309488948457, 2.833082125815752]","[[0.005989804069553165, -0.0002596404761677083], [-0.0002596404761677084, 0.005286210839594395]]",1.1282155083513494,0.0038592650365392167
"[0.4964777142396881, 3.050883468009146]","[[0.00569960916211789, -0.00046171150946168043], [-0.00046171150946168043, 0.0032132713130739875]]",1.8317559473323994,0.00030962783988939006,"[0.5095129434216382, 3.000391750461493]","[[0.0063114519776938435, -0.00031637637949784384], [-0.000316376379497844, 0.005737476739804974]]",1.6834891972108057,0.003952021923470224
"[0.38650247023420453, 3.2496610801808803]","[[0.006850313302894673, 7.97359135504325e-05], [7.97359135504325e-05, 0.0033481742585963798]]",2.598535692361607,0.00016765981099281724,"[0.4385987705570332, 3.174697439470612]","[[0.006724619148307963, -0.00022023248619510108], [-0.00022023248619510116, 0.005612244958471659]]",2.311905945818981,0.003667513614257291
"[0.2404137798467722, 3.3270312229705095]","[[0.007814160813308284, 0.000592309865129096], [0.000592309865129096, 0.004174891731331441]]",-2.9583497218138333,0.00013353451807374985,"[0.25843379714726644, 3.283360120997872]","[[0.007167008463310158, 5.247234054402668e-06], [5.247234054402675e-06, 0.005691265013731273]]",3.1178734231210523,0.0035493748570190244
"[0.08589541621163405, 3.245267331549338]","[[0.008528524640347666, 0.00044114249405188615], [0.00044114249405188615, 0.004151954747752389]]",-2.291482898234964,0.0003144028414309142,"[0.11593635028251188, 3.263462356187493]","[[0.0074489810514938755, 0.00019693089984553638], [0.0001969308998455363, 0.005970240010098005]]",-2.341914306620176,0.0034517530841487835
"[-0.012672616688153338, 3.126883751863786]","[[0.0044090862584723264, 0.00019352139583839715], [0.00019352139583839715, 0.0030503831234247793]]",-2.0541349599801797,0.00016988465918509068,"[0.04348159138157516, 3.1875817010655294]","[[0.007597461965017764, 0.00018122570731353129], [0.0001812257073135311, 0.0058566133223299024]]",-2.0582974611918,0.0034608603716809604
"[-0.03761191091558372, 3.081105566488231]","[[0.0038230121602457804, -5.3416593547391675e-05], [-5.3416593547391675e-05, 0.0027472945099357706]]",-2.2015556505190137,0.0001687085033554198,"[-0.014629166630619451, 3.10968262521691]","[[0.0062179186408063015, 0.00011087010348123129], [0.00011087010348123133, 0.005397450671897]]",-2.186312078487757,0.0033964069005764015
"[-0.09263005967598764, 3.036298166036452]","[[0.0037221656593841037, 0.00021568980718783697], [0.00021568980718783697, 0.002689728859744386]]",-2.377826290968089,0.00016888678986441905,"[-0.056541012048078855, 3.0677719691906358]","[[0.006210144267455218, -2.4425543044399772e-05], [-2.4425543044399772e-05, 0.005275612875020881]]",-2.373551712719596,0.00382147045377217
"[-0.1966740397897933, 2.9750849196989164]","[[0.004206709159444139, -7.277858890227251e-05], [-7.277858890227251e-05, 0.002887667794235681]]",-2.769432329514801,0.00042343529941812473,"[-0.14305737984747408, 3.0007122062518623]","[[0.0058551417200824706, 0.00010470246076868987], [0.00010470246076868991, 0.005259424192682943]]",-2.7440658951239687,0.003476868976486354
"[-0.30341020622553, 2.9860799199497134]","[[0.004688816637645495, 7.5499920713418424e-06], [7.5499920713418424e-06, 0.00351757482739948]]",-3.136583894647353,0.00042515601700729764,"[-0.29081556719697743, 2.957943212595894]","[[0.006053591891602388, -2.4150027758291062e-05], [-2.4150027758291048e-05, 0.005403765845469285]]",-3.129219573076638,0.003758768689933314
"[-0.4811002687424587, 2.964208175844645]","[[0.0036248696149039994, -0.00023588645517455878], [-0.00023588645517455878, 0.00673932772831902]]",-2.6515960244141006,0.0001691164076356075,"[-0.44898785797073837, 2.957692672877955]","[[0.006146919545389412, -3.790002055524043e-06], [-3.7900020555240445e-06, 0.005592089279479505]]",-2.7391252017254972,0.0036129249697398986
"[-0.6384123242353748, 2.8129251024590434]","[[0.0037906694108523873, 6.740929560953153e-05], [6.740929560953153e-05, 0.0026378760211474054]]",-1.9114663221539632,0.00016891899658328069,"[-0.5933595675808127, 2.8571371169465185]","[[0.005875707948275945, -9.403171774221573e-05], [-9.40317177422157e-05, 0.006874788850850292]]",-2.0572629919189604,0.0035873270383875635
"[-0.6387868817373823, 2.608441344061762]","[[0.003938459287328126, -4.844040548135649e-05], [-4.844040548135649e-05, 0.0038085635817037768]]",-1.1682692317230419,0.0003114946569445992,"[-0.6481086300846297, 2.688018413986919]","[[0.005709890602520669, 2.7141888516201765e-05], [2.714188851620178e-05, 0.00517789956324995]]",-1.3893071641171386,0.0033343024379338705
"[-0.551192289439458, 2.4494690432137785]","[[0.005688635912037792, -0.0001596787881687423], [-0.0001596787881687423, 0.0027513532263486124]]",-0.4777519712020539,0.00042408834402479247,"[-0.5543787735096345, 2.495630707621457]","[[0.0062527957826429845, -4.2319363056545955e-06], [-4.2319363056545955e-06, 0.00612574657867266]]",-0.6586320823499836,0.003962543244036136
"[-0.32889807707311236, 2.3451339335508408]","[[0.0050311957111045195, -5.681783397477567e-05], [-5.681783397477567e-05, 0.002937363081031132]]",-0.46886784716357754,0.00013321803490776125,"[-0.3944161375858493, 2.3927050931108167]","[[0.007061998958850352, -5.4382205241346984e-05], [-5.4382205241347e-05, 0.0058427876629152855]]",-0.44545552632789986,0.004220365985121315
"[-0.17817156233419681, 2.218564400762879]","[[0.004183499977872012, 0.00018457855496612345], [0.00018457855496612345, 0.0032923044564754415]]",-1.0450531583632117,0.0003136330836654778,"[-0.21383269257966264, 2.2660637553674055]","[[0.006998908956685953, -1.93008881549401e-05], [-1.9300888154940077e-05, 0.005939314803371402]]",-0.8565717780107396,0.003994071958344917
"[-0.14517476283725453, 2.0504720880108946]","[[0.004957256476157171, 6.41485844645621e-05], [6.41485844645621e-05, 0.0035028495276263672]]",-1.6341310723781262,0.0002300016159458114,"[-0.13574691803351768, 2.099498719185191]","[[0.00649245021890672, 8.863109603895755e-05], [8.863109603895749e-05, 0.005956679887809566]]",-1.4271574260044664,0.004012096346897017
"[-0.16727403809470393, 1.9561922987042408]","[[0.005102337373594893, 0.00026540340225518353], [0.00026540340225518353, 0.003397245903177274]]",-2.016399985941425,0.00012149011369486073,"[-0.15286907395693877, 1.98156068035442]","[[0.006457322659296292, 3.699242602787857e-05], [3.69924260278786e-05, 0.005763377921198872]]",-1.8946629736834093,0.0035893409122446603
"[-0.21319940360761475, 1.917882179944942]","[[0.006278197179658566, -0.0001065308652196313], [-0.0001065308652196313, 0.0030659296910611877]]",-2.287385177283471,0.0003147658019512415,"[-0.18633364875538072, 1.9209571658863955]","[[0.0073564633501654935, 0.00011783752794911066], [0.00011783752794911082, 0.006547530946552447]]",-2.217514065651002,0.004350648189580554
"[-0.23084070531264456, 1.8959579008425371]","[[0.004180923841377122, 7.644263582667055e-05], [7.644263582667055e-05, 0.0022077586911205802]]",-2.373357087103509,0.00012150536001685477,"[-0.22400152337471815, 1.9063172788919798]","[[0.0070210012605131334, 0.0001007673719169763], [0.0001007673719169763, 0.005782286249794102]]",-2.361509008337825,0.003965553830073923
"[-0.27565673015764175, 1.8377843543457968]","[[0.005801138399546386, 0.0009988052922110296], [0.0009988052922110296, 0.0037438197332486747]]",-2.1879177655860045,0.00023064075631416933,"[-0.2700499842710477, 1.8554619020704661]","[[0.006350187765671432, 4.6111507112074676e-05], [4.611150711207464e-05, 0.005230732052901148]]",-2.2182997966169724,0.0036730132479845124
