stamps,orientations,numbers
1714076247.740389,-1.5130670500740468,0
1714076247.8761947,-1.4595325220018631,0
1714076248.00974,-1.4070821811382896,0
1714076248.1454475,-1.3527017658462477,0
1714076248.7472925,-1.1923887730907123,0
1714076248.7543056,-1.1407876048272856,0
1714076249.1043866,-1.036405282301462,0
1714076249.1063197,-0.986346204610095,0
1714076249.2385364,-0.9340575910253446,0
1714076249.3743608,-0.8821993968341743,0
1714076249.50902,-0.8301269530064332,0
1714076249.644438,-0.7840871580076064,0
1714076249.7794044,-0.7389382829199579,0
1714076249.9143572,-0.6942518531932764,0
1714076250.0487895,-0.6474955017378689,0
1714076250.1848624,-0.6028139721334987,0
1714076250.3200915,-0.5637640277071956,0
1714076250.4553711,-0.5192419180246555,0
1714076250.590048,-0.4745134786505977,0
1714076250.725287,-0.4268197368417104,0
1714076250.8605144,-0.3742049969488219,0
1714076250.994905,-0.3247088851364381,0
1714076251.1304023,-0.27717397520545,0
1714076251.2659762,-0.2270863991875025,0
1714076251.4009552,-0.1758970431410023,0
1714076251.536181,-0.1294116927482909,0
1714076251.6705902,-0.0785590773187929,0
1714076251.805868,-0.0264415034429741,0
1714076251.9408383,0.028919980698415,0
1714076252.0764685,0.0787829158818577,0
1714076252.211652,0.1319739729592637,0
1714076252.3465729,0.1842123749057292,0
1714076252.4935503,0.2340008175677148,0
1714076252.6286082,0.2859431224327507,0
1714076252.7640858,0.34350082393515,0
1714076252.8992305,0.3945168654416955,0
1714076253.0338335,0.4445808586562912,0
1714076253.1689024,0.4924686483842145,0
1714076253.3044314,0.5428610373230782,0
1714076253.4394095,0.5830275454544058,0
1714076253.574487,0.628426596109147,0
1714076253.7097695,0.6727438480320798,0
1714076253.845086,0.7125444074222448,0
1714076253.9796717,0.7515079391567471,0
1714076254.1150377,0.7948129356805101,0
1714076254.2498186,0.8409313473677681,0
1714076254.3848069,0.8886584779639239,0
1714076254.5199082,0.94051611021923,0
1714076254.655247,0.9884365502057336,0
1714076254.7900918,1.03980158398883,0
1714076254.9255483,1.0929893399220525,0
1714076255.0604408,1.1439403551046343,0
1714076255.1959145,1.1918726827111252,0
1714076255.330689,1.2450534284192116,0
1714076255.4660306,1.301783584022928,0
1714076255.6012478,1.3491818881384303,0
1714076255.736852,1.405388369392542,0
1714076255.8713093,1.455204121614896,0
1714076256.0067468,1.5092328253768772,0
1714076256.1411746,1.562731023023587,0
1714076256.2766323,1.6096351577718837,0
1714076256.4249887,1.6611814652208778,0
1714076256.55908,1.7145452464826412,0
1714076256.6938877,1.762223883851656,0
1714076256.8295228,1.8135550361142136,0
1714076256.964263,1.8575585559111476,0
1714076257.09957,1.8997949157724765,0
1714076257.2348857,1.939696898765288,0
1714076257.369248,1.9873543432165208,0
1714076257.5047607,2.033137371491611,0
1714076257.6394854,2.073380457455489,0
1714076257.7747562,2.115797426885996,0
1714076257.9098587,2.1641602244200744,0
1714076258.0453558,2.21153877706843,0
1714076258.1804645,2.2574296705169203,0
1714076258.3159497,2.307088169323061,0
1714076258.450587,2.360740604158583,0
1714076258.5855448,2.408545369767217,0
1714076258.720749,2.455164311085872,0
1714076258.8556063,2.5065318618189223,0
1714076258.9903407,2.5585502836108893,0
1714076259.1261272,2.6090578015156614,0
1714076259.261284,2.6589296182630933,0
1714076259.396071,2.717442454444487,0
1714076259.531194,2.768446463562523,0
1714076259.6671526,2.8209242841113267,0
1714076259.801828,2.8703931755377554,0
1714076259.9372454,2.9234204710562683,0
1714076260.0715427,2.9762953146725857,0
1714076260.2074416,3.027994020535796,0
1714076260.341683,3.075795842735696,0
1714076260.477193,3.1274104211784857,0
1714076260.6122384,-3.113939660761025,0
1714076260.747038,-3.0625421116307114,0
1714076260.8825688,-3.0200740500554155,0
1714076261.0179968,-2.9778665809248985,0
1714076261.152722,-2.937426400383371,0
1714076261.2876692,-2.8986691194065948,0
1714076261.4230173,-2.8561250756322094,0
1714076261.5698411,-2.810479804905165,0
1714076261.705449,-2.7616536142479515,0
1714076261.8406763,-2.716977194406565,0
1714076261.9752057,-2.671386767240577,0
1714076262.109211,-2.6193741336837397,0
1714076262.2450054,-2.5664736268842985,0
1714076262.380895,-2.5186888829417864,0
1714076262.516281,-2.4659582833296403,0
1714076262.650664,-2.4149773029113675,0
1714076262.7851105,-2.361231808135583,0
1714076262.9197843,-2.310643237189102,0
1714076263.0548737,-2.2578130870964026,0
1714076263.1898851,-2.205154023236565,0
1714076263.3254254,-2.155450953837489,0
1714076263.461388,-2.1033709961998603,0
1714076263.5966268,-2.0509795050318758,0
1714076263.7317183,-2.004987407944216,0
1714076263.8667066,-1.952909026098976,0
1714076264.0018792,-1.909648818920413,0
1714076264.1367488,-1.858200098281572,0
1714076264.2717571,-1.8138920197094368,0
1714076264.407229,-1.7730308741095897,0
1714076264.541848,-1.7285132961009466,0
1714076264.6770928,-1.6865102817133606,0
1714076264.8120134,-1.6471354076550375,0
1714076264.9468503,-1.6081179729965092,0
1714076265.0823426,-1.5675986496559584,0
1714076265.217539,-1.5219460189457494,0
1714076265.3531344,-1.470178380651544,0
1714076265.4880483,-1.422319899518327,0
1714076265.6229105,-1.3733751327417367,0
1714076265.7584572,-1.3259240731860027,0
1714076265.893319,-1.2693337875255233,0
1714076266.0408423,-1.2219203557173406,0
1714076266.1757898,-1.170443696930962,0
1714076266.3103168,-1.122993963076309,0
1714076266.4462192,-1.0685549441325926,0
1714076266.5812156,-1.018579312687962,0
1714076266.7165492,-0.9680911718146582,0
1714076266.8509696,-0.9170965761140102,0
1714076266.986791,-0.8648508992148443,0
1714076267.1216507,-0.8156149926456485,0
1714076267.2575872,-0.7624633019399111,0
1714076267.390985,-0.7116189799721353,0
1714076267.5266786,-0.6618855702490625,0
1714076267.662007,-0.6088470825502236,0
1714076267.7977328,-0.5612260562784934,0
1714076267.9319437,-0.5121558961184709,0
1714076268.0670753,-0.4657231124308527,0
1714076268.202653,-0.4241293434832069,0
1714076268.3388302,-0.3785779322223312,0
1714076268.472381,-0.3393271088377466,0
1714076268.607566,-0.2977143473645479,0
1714076268.74316,-0.2588208499002613,0
1714076268.878523,-0.2132883143561134,0
1714076269.012567,-0.1669153189508363,0
1714076269.1480649,-0.1159568875537186,0
1714076269.2829149,-0.0683198991515312,0
1714076269.4185112,-0.017510923706395,0
1714076269.5534284,0.0305741532441121,0
1714076269.6882446,0.0743826678593677,0
1714076269.8239813,0.1262622443490854,0
1714076269.9585588,0.1722378982588611,0
1714076270.0939105,0.2262004684273346,0
1714076270.228826,0.2763847422862219,0
1714076270.3641253,0.3266090890655331,0
1714076270.4992385,0.377717828514947,0
1714076270.633802,0.4329347516200901,0
1714076270.769286,0.4868918250859417,0
1714076270.90411,0.533990963002097,0
1714076271.0393286,0.5839751573594656,0
1714076271.1866868,0.6356149577099703,0
1714076271.3217225,0.6881870175368717,0
1714076271.456746,0.7336176299365,0
1714076271.5916765,0.7818778540957522,0
1714076271.7269795,0.8280706436531843,0
1714076271.8619254,0.868798104217213,0
1714076271.997088,0.9133895188144142,0
1714076272.1324074,0.9540426054077996,0
1714076272.2675436,0.9931892271133408,0
1714076272.4024394,1.039080563572513,0
1714076272.5385046,1.0857127929857049,0
1714076272.6729786,1.1251198759659895,0
1714076272.8079154,1.1794496327538548,0
1714076272.942797,1.22648209930545,0
1714076273.0782392,1.2773506487804835,0
1714076273.2126334,1.327441925906074,0
1714076273.348012,1.3753129618856672,0
1714076273.4831462,1.4310721826858808,0
1714076273.6188872,1.472489486596118,0
1714076273.753549,1.5301348264576549,0
1714076273.8885522,1.5767080277259566,0
1714076274.0240347,1.6282486681974628,0
1714076274.1588264,1.6773112401371415,0
1714076274.2940168,1.730348083975333,0
1714076274.4290917,1.7820976786250764,0
1714076274.564076,1.8292762899119075,0
1714076274.6990142,1.88522982880726,0
1714076274.8340757,1.9358611338644067,0
1714076274.969598,1.983440812685372,0
1714076275.1049,2.036304499441261,0
1714076275.239967,2.0846845310041373,0
1714076275.3747294,2.1302284450351205,0
1714076275.510255,2.174674505448241,0
1714076275.6449606,2.215176842645345,0
1714076275.7800865,2.261408389106822,0
1714076275.9152167,2.2990308897810814,0
1714076276.0503027,2.3381706433340725,0
1714076276.1853535,2.38510867365653,0
1714076276.3203588,2.4206425302717016,0
1714076276.4557705,2.47411236341562,0
1714076276.5908923,2.5198399509506806,0
1714076276.7260604,2.569055173815596,0
1714076276.8611329,2.621925106686327,0
1714076276.9956875,2.667467293301718,0
1714076277.1314623,2.717454024900818,0
1714076277.266643,2.771590869900417,0
1714076306.9147215,-3.0173157307555254,1
1714076307.0507207,-2.9446121014273645,1
1714076307.1852636,-2.8649041174862178,1
1714076307.322693,-2.787330284283545,1
1714076307.4571977,-2.705163588423773,1
1714076307.5891292,-2.627778978287449,1
1714076307.725859,-2.550249613653679,1
1714076307.8595417,-2.471042950627538,1
1714076307.995905,-2.3904279149962555,1
1714076308.142992,-2.3109357196603475,1
1714076308.277283,-2.246151105581752,1
1714076308.4123173,-2.179318840163577,1
1714076308.5472603,-2.112019450182141,1
1714076308.6821876,-2.0468345687535074,1
1714076308.8185358,-1.978640624301649,1
1714076308.9533398,-1.9071215550583849,1
1714076309.0883346,-1.833686972502506,1
1714076309.2241116,-1.7656160353538264,1
1714076309.3595786,-1.6906221918907969,1
1714076309.4937506,-1.6113461233222683,1
1714076309.6286385,-1.537274326199222,1
1714076309.7640047,-1.4582185254492646,1
1714076309.8996403,-1.375553262581202,1
1714076310.0340283,-1.295048789777716,1
1714076310.1691885,-1.217057728218721,1
1714076310.304042,-1.1346005677052642,1
1714076310.440209,-1.0611450225815708,1
1714076310.574619,-0.9871406662519284,1
1714076310.7097976,-0.9063697578168752,1
1714076310.8449607,-0.8444551110925007,1
1714076310.9803808,-0.7746185555010183,1
1714076311.1147363,-0.7045041086664652,1
1714076311.2506094,-0.6368471531293975,1
1714076311.3857758,-0.5617946418455739,1
1714076311.5204268,-0.4853075502192884,1
1714076311.6558926,-0.4110500245865474,1
1714076311.790913,-0.3332718517054203,1
1714076311.9258816,-0.2591448208393134,1
1714076312.0607538,-0.1803754702256626,1
1714076312.1963336,-0.0996139609476762,1
1714076312.3315346,-0.0191919354746938,1
1714076312.46654,0.0574337884699378,1
1714076312.6013186,0.1334667316662398,1
1714076312.737262,0.2137883413774944,1
1714076312.8720014,0.2916410034270562,1
1714076313.006926,0.3638947026507769,1
1714076313.141966,0.434682097590084,1
1714076313.2767265,0.5010727378934422,1
1714076313.4112997,0.5696480948711944,1
1714076313.5469172,0.6347508141062211,1
1714076313.6819706,0.707580832324429,1
1714076313.8176718,0.7786763765637125,1
1714076313.9526303,0.8549915674032363,1
1714076314.0873742,0.9241810437358586,1
1714076314.2228255,0.9999919367077386,1
1714076314.358777,1.075824345311139,1
1714076314.4930198,1.1565653675404326,1
1714076314.6278608,1.232938295236476,1
1714076314.7640047,1.3151678997486758,1
1714076314.898396,1.3983010064745542,1
1714076315.032929,1.4790229765686438,1
1714076315.1681907,1.5540265157473652,1
1714076315.3033478,1.6306437023058995,1
1714076315.438454,1.709127269627249,1
1714076315.5734286,1.7801148325311025,1
1714076315.7088494,1.844754889964564,1
1714076315.8437536,1.9153416332695223,1
1714076315.9794269,1.9785744354237436,1
1714076316.1142268,2.0546323225789878,1
1714076316.2489722,2.125493980040769,1
1714076316.3842642,2.201232368271917,1
1714076316.5196135,2.2780587431151837,1
1714076316.6542327,2.355059179431303,1
1714076316.789387,2.440147188185789,1
1714076316.924719,2.5206208923725746,1
1714076317.0600224,2.595996979791697,1
1714076317.195645,2.673407859997656,1
1714076317.330396,2.755068902750191,1
1714076317.4656565,2.8367475474591566,1
1714076317.6005008,2.9129663760816507,1
1714076317.7358022,2.993541133343512,1
1714076317.8700218,3.0597444575273927,1
1714076318.0056126,3.130971952229232,1
1714076318.1407309,-3.0859434815536,1
1714076318.2760746,-3.0221182995858995,1
1714076318.4103315,-2.947280878101497,1
1714076318.5457888,-2.875345424627625,1
1714076318.6810434,-2.799517574751228,1
1714076318.816221,-2.72405035904515,1
1714076318.9515517,-2.648252058359978,1
1714076319.086342,-2.5649367759306303,1
1714076319.2213724,-2.4883662293820503,1
1714076319.355708,-2.4066162024320024,1
1714076319.4914496,-2.328771458660292,1
1714076319.6268592,-2.250901162475724,1
1714076319.7605376,-2.1688465308728224,1
1714076319.896427,-2.0897455084167063,1
1714076320.0306752,-2.0095211763720897,1
1714076320.166223,-1.9441889670975376,1
1714076320.3019311,-1.8758009139970813,1
1714076320.437535,-1.807592358668298,1
1714076320.5721276,-1.7428465863561784,1
1714076320.707239,-1.671129174199226,1
1714076320.8427224,-1.5981794490405743,1
1714076320.978455,-1.5258864430640315,1
1714076321.1124537,-1.4500682071861597,1
1714076321.2475555,-1.3716398844576734,1
1714076321.382932,-1.2973739155682802,1
1714076321.5179112,-1.217479246203072,1
1714076321.6530716,-1.1367242326304816,1
1714076321.7879438,-1.0517736994901774,1
1714076321.9233522,-0.9712169898610628,1
1714076322.058277,-0.8909798517992867,1
1714076322.1940613,-0.8107921196542457,1
1714076322.328686,-0.737101808550947,1
1714076322.4642303,-0.6564811523227464,1
1714076322.599297,-0.5877815203874914,1
1714076322.7342572,-0.5199690247619961,1
1714076322.8690238,-0.4509477374825819,1
1714076323.0043285,-0.3830984057919928,1
1714076323.1396327,-0.3084763593656579,1
1714076323.2742293,-0.234211730548858,1
1714076323.4095194,-0.1602831412520542,1
1714076323.5446892,-0.0809647701026459,1
1714076323.6797116,-0.006724465216453,1
1714076323.8155346,0.075502772361693,1
1714076323.9503715,0.1507933851195533,1
1714076324.0853713,0.2343559480928619,1
1714076324.220255,0.3119564010470128,1
1714076324.3554196,0.3893943389643945,1
1714076324.489987,0.4719369990053862,1
1714076324.6254675,0.5466110200677043,1
1714076324.76062,0.6270446587759775,1
1714076324.895743,0.7025125965071668,1
1714076325.0303977,0.7673377803382255,1
1714076325.1657622,0.8355411238366894,1
1714076325.3012109,0.9050715137206335,1
1714076325.4366014,0.9697677657532628,1
1714076325.571407,1.0402972595334834,1
1714076325.7062292,1.1148824943011333,1
1714076325.841549,1.19024750413071,1
1714076325.9761996,1.2673670240542454,1
1714076326.1112394,1.3438205729372732,1
1714076326.2470818,1.4239638025037715,1
1714076326.381518,1.5011000164251218,1
1714076326.5171597,1.582783522899547,1
1714076326.6518495,1.6679468948986786,1
1714076326.787268,1.7484915863601298,1
1714076326.9221354,1.8257433788623416,1
1714076327.0575051,1.9070744409908664,1
1714076327.1919367,1.9794683446091532,1
1714076327.3270755,2.0473398489768075,1
1714076327.4624004,2.1126464963086704,1
1714076327.597984,2.1816667981648017,1
1714076327.7325058,2.254665759647697,1
1714076327.8677547,2.3258524548704487,1
1714076328.0034556,2.4044748748486358,1
1714076328.1387525,2.4792888320483777,1
1714076328.2730863,2.5553994128741206,1
1714076328.4082448,2.6372914283280413,1
1714076328.544068,2.712044985917942,1
1714076328.6786394,2.793647305782188,1
1714076328.8135755,2.870721067539764,1
1714076328.948888,2.953963042273485,1
1714076329.0838785,3.0344310955181304,1
1714076329.2189362,3.115379612922427,1
1714076329.353882,-3.088785255655629,1
1714076329.4891317,-3.010255193225359,1
1714076329.6241288,-2.941884343926349,1
1714076329.759424,-2.871090285255173,1
1714076329.8944714,-2.805528996334445,1
1714076330.0296507,-2.739087169685969,1
1714076330.164716,-2.6685258228806408,1
1714076330.2997684,-2.5940076077143406,1
1714076330.4351892,-2.520221579477312,1
1714076330.5699463,-2.4439602388606216,1
1714076330.704177,-2.371003652337791,1
1714076330.8392212,-2.28826639671092,1
1714076330.9758942,-2.21073454361862,1
1714076331.1091354,-2.1299627156121765,1
1714076331.2447207,-2.0485541605065456,1
1714076331.3796575,-1.9699993863172571,1
1714076331.5145693,-1.8902530154776112,1
1714076331.650453,-1.8149070187986955,1
1714076331.7858307,-1.740925698587384,1
1714076331.9211805,-1.6654782534636772,1
1714076332.0560553,-1.5994110146743128,1
1714076332.1907682,-1.5335151537007643,1
1714076332.3259687,-1.4649896382793994,1
1714076332.4612482,-1.3966522528325802,1
1714076332.5965457,-1.3155625893554808,1
1714076332.7311745,-1.2432060521955193,1
1714076332.866331,-1.1685111788985687,1
1714076333.0018473,-1.0919140001302403,1
1714076333.1372406,-1.0130023318512305,1
1714076333.271738,-0.938064878895361,1
1714076333.40696,-0.8516967639127753,1
1714076333.5419638,-0.7728059522270838,1
1714076333.6772358,-0.7013354174332554,1
1714076333.8120868,-0.6134392225541002,1
1714076333.94724,-0.5406573574876354,1
1714076334.0823212,-0.4618226448151503,1
1714076334.217872,-0.3786137294609522,1
1714076334.3531628,-0.3053495638026459,1
1714076334.4885457,-0.2372824539935623,1
1714076334.6234796,-0.1683001838052345,1
1714076334.7583923,-0.1017757888773438,1
1714076334.8934052,-0.028062238276076,1
1714076335.027983,0.0468510529936949,1
1714076335.1634352,0.124864055505931,1
1714076335.2986877,0.1967324257162844,1
1714076335.4334064,0.2781976977545986,1
1714076335.5688858,0.3548759146455609,1
1714076335.703811,0.4324111779783638,1
1714076335.8389063,0.5151459377887927,1
1714076335.9738057,0.5936478991653261,1
1714076336.109219,0.6772606673063589,1
1714076336.2442317,0.7563257776226138,1
1714076336.379833,0.8363673104705505,1
1714076336.514006,0.9139548554882034,1
1714076336.6495075,0.9863289390334858,1
1714076336.7847805,1.0581995086565377,1
1714076356.362095,0.8198289969526826,2
1714076356.497285,0.9232737789766648,2
1714076356.632614,1.030042469770717,2
1714076356.7676768,1.1384082893284777,2
1714076356.9088042,1.246491467174886,2
1714076357.3083782,1.4667730556620229,2
1714076357.3107047,1.5744069961411,2
1714076357.442258,1.6697835125666265,2
1714076357.578463,1.765904254532062,2
1714076357.713426,1.8602184312091123,2
1714076357.8481653,1.9669049721294003,2
1714076357.9832506,2.0662575420888776,2
1714076358.1187394,2.1687518448468825,2
1714076358.2530594,2.273613152688638,2
1714076358.388424,2.3815394450452687,2
1714076358.5237343,2.487105528060703,2
1714076358.658782,2.597228645740073,2
1714076358.7939243,2.709524210410504,2
1714076358.9294207,2.8184771297770994,2
1714076359.0642574,2.9229100416604363,2
1714076359.1997612,3.017468183171815,2
1714076359.335525,3.107305051867723,2
1714076359.4694223,-3.080513624439184,2
1714076359.6049964,-2.9759407651636,2
1714076359.739997,-2.8768433580764707,2
1714076359.875241,-2.7714368248654204,2
1714076360.0098794,-2.663734064932005,2
1714076360.1452928,-2.5542823172546414,2
1714076360.2805398,-2.4446642258168847,2
1714076360.4159498,-2.3354591989545987,2
1714076360.5507703,-2.2297716997784214,2
1714076360.6857924,-2.119584107223776,2
1714076360.8207145,-2.021251873591801,2
1714076360.9564064,-1.9291890173796755,2
1714076361.089533,-1.8362789299668176,2
1714076361.2139187,-1.7383126263374995,2
1714076361.3476222,-1.6405720567278337,2
1714076361.483859,-1.5368986052833014,2
1714076361.6190865,-1.4341220814009317,2
1714076361.7538586,-1.326002804325599,2
1714076361.8887646,-1.215625615611,2
1714076362.0241582,-1.113454538449388,2
1714076362.1596348,-1.0036976080179716,2
1714076362.2942567,-0.8886904446180022,2
1714076362.4296815,-0.7829184849513292,2
1714076362.5644302,-0.6791018353655288,2
1714076362.699571,-0.5855789725981603,2
1714076362.8345654,-0.4884261045703946,2
1714076362.969828,-0.3930136001631674,2
1714076363.105105,-0.2878174429138359,2
1714076363.2407382,-0.1877597260801069,2
1714076363.3754425,-0.084466306072044,2
1714076363.510157,0.0250946471262505,2
1714076363.6453848,0.1332076442985874,2
1714076363.7804933,0.2381809528171627,2
1714076363.9161367,0.3491682212898031,2
1714076364.0505164,0.458520892617777,2
1714076364.1864622,0.5610492580151671,2
1714076364.320937,0.6680964420187151,2
1714076364.45661,0.7611654901791073,2
1714076364.590716,0.8526095991882768,2
1714076364.726163,0.9463083018339038,2
1714076364.861187,1.046719674655796,2
1714076364.9964175,1.1497657294202008,2
1714076365.131396,1.255689905558903,2
1714076365.2666454,1.3644807082166177,2
1714076365.4019475,1.46984168070996,2
1714076365.537103,1.582713833851376,2
1714076365.6717627,1.6870229662611005,2
1714076365.8069594,1.7968530406609056,2
1714076365.9423678,1.903040841376927,2
1714076366.0771737,2.0003755323324093,2
1714076366.2120814,2.0953188956744704,2
1714076366.3353364,2.1911916823243,2
1714076366.4701943,2.285632479439721,2
1714076366.6052682,2.3799701958882467,2
1714076366.7406075,2.481750035948775,2
1714076366.875517,2.5882860050136256,2
1714076367.01086,2.695537798535612,2
1714076367.145973,2.8077150205481805,2
1714076367.280753,2.914823501165627,2
1714076367.4160209,3.024007896524051,2
1714076367.5510924,3.127204514626021,2
1714076367.686547,-3.050055365228996,2
1714076367.8217409,-2.9519400840823184,2
1714076367.957157,-2.857952524628617,2
1714076368.0915122,-2.7645251739810166,2
1714076368.2271757,-2.6637132779425543,2
1714076368.3613868,-2.5618163683399464,2
1714076368.4972167,-2.458135688203968,2
1714076368.6318183,-2.3521546939065257,2
1714076368.7670248,-2.2455045506116957,2
1714076368.9025068,-2.135728371650857,2
1714076369.0379536,-2.0302492075785423,2
1714076369.1726804,-1.9198131909750864,2
1714076369.3076253,-1.8108791001408664,2
1714076369.441627,-1.7078098758346003,2
1714076369.576897,-1.61927255830357,2
1714076369.7127616,-1.524921859171938,2
1714076369.8477514,-1.435264497079544,2
1714076369.982299,-1.3360136241522278,2
1714076370.1180625,-1.2236316898982629,2
1714076370.2528405,-1.125215437111694,2
1714076370.3880882,-1.0247057135643387,2
1714076370.5237603,-0.9102637354372662,2
1714076370.659082,-0.803389724340199,2
1714076370.7937188,-0.6931170812685052,2
1714076370.9286313,-0.5811739248621852,2
1714076371.0640917,-0.473150404682697,2
1714076371.1988895,-0.3699793697723494,2
1714076371.3342276,-0.2711367447570466,2
1714076371.4689257,-0.1746802626041788,2
1714076371.604218,-0.0826892262130756,2
1714076371.7395637,0.0194415995245496,2
1714076371.874155,0.1242462883093296,2
1714076371.9978185,0.2267579308909874,2
1714076372.132543,0.3274679099123876,2
1714076372.2673104,0.4402448342222537,2
1714076372.4023805,0.5487467536042844,2
1714076372.5378845,0.6571993207815829,2
1714076372.6730242,0.7678375778916352,2
1714076372.808177,0.8732253266504486,2
1714076372.9434066,0.9723063086265497,2
1714076373.0785437,1.0701323672864778,2
1714076373.2147288,1.1599048190768448,2
1714076373.3484566,1.2589826230348695,2
1714076373.4836864,1.359834302258792,2
1714076373.6185913,1.4608975730547975,2
1714076373.753455,1.5684451364420513,2
1714076373.8883598,1.6768918935156865,2
1714076374.024189,1.7815437631734292,2
1714076374.1592026,1.892775866684638,2
1714076374.294207,2.0057375679164537,2
1714076374.4292588,2.1102117022661595,2
1714076374.5640922,2.218267899801175,2
1714076374.6996522,2.317495861616005,2
1714076374.8345797,2.4099816466765414,2
1714076374.9697778,2.501654381112122,2
1714076375.104631,2.5998868824332786,2
1714076375.2394595,2.7012021879222545,2
1714076375.3743804,2.807783317279561,2
1714076375.5098145,2.913206538577072,2
1714076375.6453657,3.0202249441570506,2
1714076375.7800238,3.125868580236553,2
1714076375.9153707,-3.046137230524304,2
1714076376.0504715,-2.9393773998399677,2
1714076376.1857753,-2.832959058707152,2
1714076376.3204784,-2.7271461345825063,2
1714076376.4556377,-2.6289309619838224,2
1714076376.5909393,-2.536516785448921,2
1714076376.7262273,-2.4468945794696384,2
1714076376.8493023,-2.3466661883911586,2
1714076376.984359,-2.247976634412025,2
1714076377.1193385,-2.145698896457215,2
1714076377.2538297,-2.041915935435113,2
1714076377.3878706,-1.939241268082328,2
1714076377.5250146,-1.8292052343099228,2
1714076377.6587453,-1.7174310877942771,2
1714076377.793273,-1.6092423417599993,2
1714076377.9284682,-1.5051874736806807,2
1714076378.0644283,-1.4046197605248918,2
1714076378.1998608,-1.3123369692453173,2
1714076378.3345635,-1.222038524626285,2
1714076378.469951,-1.1253673225727052,2
1714076378.6046538,-1.0203363428523495,2
1714076378.7401848,-0.9248034598173114,2
1714076378.875161,-0.8138160902039133,2
1714076379.0100126,-0.7121668755520884,2
1714076379.1450765,-0.6023919878186991,2
1714076379.2806282,-0.4941917805644893,2
1714076379.4150877,-0.3868960488674647,2
1714076379.5508692,-0.2800492831977484,2
1714076379.6857426,-0.1706259761933317,2
1714076379.821175,-0.0597743791542555,2
1714076379.9560666,0.0395473704422428,2
1714076380.0912385,0.1306035137889427,2
1714076380.2261212,0.2279816533428001,2
1714076380.3614416,0.3313409606498787,2
1714076380.4968345,0.4293794748230661,2
1714076380.6312444,0.5371915754420157,2
1714076380.7667687,0.6407310144725483,2
1714076380.889287,0.750018339817574,2
1714076381.0245044,0.8548691492357516,2
1714076381.1595423,0.9626571784983702,2
1714076381.295411,1.0747160074132402,2
1714076381.4298666,1.1753553036744808,2
1714076381.5649185,1.2813777431690905,2
1714076381.7006102,1.380580685685899,2
1714076381.8354378,1.4675304504489777,2
1714076381.9704475,1.5621588420380557,2
1714076382.105515,1.6623080836512134,2
1714076382.240546,1.7721002640391676,2
1714076382.3754108,1.878751315533464,2
1714076382.5106745,1.9856416752676689,2
1714076382.6458824,2.118943580397312,2
1714076382.780958,2.2226638908273166,2
1714076382.9159698,2.307442032771221,2
1714076383.05102,2.4201120214461835,2
1714076383.1863692,2.5216189130590263,2
1714076383.321169,2.62161786058527,2
1714076383.4567842,2.715433252488632,2
1714076383.5913658,2.807049504640784,2
1714076383.726959,2.910516532103904,2
1714076383.861578,3.0070141058834925,2
1714076383.997072,3.111068294520289,2
1714076384.1316917,-3.06792785959598,2
1714076384.2667024,-2.9636039092344864,2
1714076384.4022963,-2.8518713040295234,2
1714076384.537602,-2.739746220710224,2
1714076384.6726377,-2.632650358645866,2
1714076384.7954004,-2.522889479366122,2
1714076384.9303632,-2.423079449064992,2
1714076385.0651205,-2.321335582581354,2
1714076385.2005832,-2.2281033261227248,2
1714076385.3361626,-2.1365633062011744,2
1714076385.4706886,-2.0358710649271456,2
1714076385.6062298,-1.93765505273762,2
1714076385.739893,-1.8321744485339704,2
1714076385.876166,-1.730980466670939,2
1714076386.0098224,-1.6225705202522278,2
1714076386.1450346,-1.5091765332317515,2
1714076386.2802997,-1.3999873195783314,2
1714076386.4163802,-1.29667330751245,2
1714076386.5512316,-1.1919344257561226,2
1714076386.6864269,-1.0639402274415637,2
1714076386.8214648,-0.9051169490814596,2
1714076386.9568198,-0.8157945594437921,2
1714076387.092076,-0.7197794387001447,2
1714076387.2265017,-0.6229183061996233,2
1714081057.280388,0.4663310363296559,3
1714081057.4148622,0.5974113348813894,3
1714081057.552419,0.7293860386910751,3
1714081057.6956418,0.8601970699765129,3
1714081057.819806,0.9975116323481128,3
1714081057.95583,1.1245163350875698,3
1714081058.0911922,1.246619440058819,3
1714081058.22672,1.3671923489645914,3
1714081058.361344,1.4924383665868797,3
1714081058.4966872,1.6158256543105958,3
1714081058.6435206,1.744575818826366,3
1714081058.779501,1.876718592933722,3
1714081058.914404,2.0040607663232337,3
1714081059.048862,2.1396640669876987,3
1714081059.1845248,2.275791919780353,3
1714081059.3197515,2.4115365999978637,3
1714081059.454366,2.531743751239832,3
1714081059.589167,2.6502195328657323,3
1714081059.7246408,2.772842710913185,3
1714081059.859908,2.9010991320221757,3
1714081059.9941394,3.029692868142322,3
1714081060.130351,-3.123505305204248,3
1714081060.2650385,-2.9875857366420027,3
1714081060.3993914,-2.852289965150806,3
1714081060.534382,-2.71960472951342,3
1714081060.6705136,-2.5912995043314995,3
1714081060.8052874,-2.471035643136333,3
1714081060.940391,-2.3448863635528947,3
1714081061.0757709,-2.221859476866097,3
1714081061.210652,-2.0923609533563345,3
1714081061.34595,-1.9677091649686425,3
1714081061.4809337,-1.8363200307003809,3
1714081061.615988,-1.7041799202933114,3
1714081061.7514217,-1.567805888607539,3
1714081061.8864138,-1.4408975046361705,3
1714081062.0214682,-1.3031893966154984,3
1714081062.1565027,-1.172770046900916,3
1714081062.291709,-1.0467777622761965,3
1714081062.4268403,-0.9297989033880288,3
1714081062.5621026,-0.8053806725633534,3
1714081062.696862,-0.6785123221618233,3
1714081062.832512,-0.5468740175518568,3
1714081062.967033,-0.4137072728589386,3
1714081063.1149333,-0.2832176830041254,3
1714081063.2497003,-0.1475258669031105,3
1714081063.384864,-0.0128458367747321,3
1714081063.5206022,0.1203431227540203,3
1714081063.6548514,0.2476813306027931,3
1714081063.790577,0.3712096160623828,3
1714081063.924677,0.5000617820802277,3
1714081064.0600705,0.6283967136657687,3
1714081064.1950812,0.7582175933295209,3
1714081064.330417,0.8909307007492406,3
1714081064.465743,1.0288701739823818,3
1714081064.6013598,1.1600629827907358,3
1714081064.7360058,1.2929626153045193,3
1714081064.8720906,1.4221153042426362,3
1714081065.0058866,1.5522006715763652,3
1714081065.1417904,1.6710664497327845,3
1714081065.276143,1.7886021891417077,3
1714081065.411279,1.916243435006364,3
1714081065.546718,2.04775017225837,3
1714081065.681893,2.1838064590162727,3
1714081065.816381,2.3142182507512614,3
1714081065.9518678,2.4524797996570773,3
1714081066.0866148,2.5880791770830585,3
1714081066.2221603,2.715782471898518,3
1714081066.357211,2.851365307984301,3
1714081066.4926572,2.971139289379386,3
1714081066.627248,3.0951073917813248,3
1714081066.7612698,-3.059674362451014,3
1714081066.8962886,-2.931574823304294,3
1714081067.0321317,-2.800188625456783,3
1714081067.1666627,-2.6674385455621965,3
1714081067.302435,-2.53606591977171,3
1714081067.4379532,-2.405056123539193,3
1714081067.573357,-2.266364017885899,3
1714081067.7078714,-2.1345569774454924,3
1714081067.8428855,-2.0036940447730185,3
1714081067.9782033,-1.8827571921537751,3
1714081068.113503,-1.7628862709307476,3
1714081068.248199,-1.6384340308042222,3
1714081068.3835323,-1.5073883423380567,3
1714081068.5194662,-1.3753935766243974,3
1714081068.653849,-1.241675563049761,3
1714081068.7887733,-1.1077219634103548,3
1714081068.9365814,-0.9736471157873228,3
1714081069.0717082,-0.8374367164484253,3
1714081069.206417,-0.7040095878850458,3
1714081069.3416164,-0.5860561439687295,3
1714081069.4767034,-0.4700398045997765,3
1714081069.6119263,-0.3423453711608739,3
1714081069.7469797,-0.2105509109085858,3
1714081069.8819056,-0.0777758462968432,3
1714081070.0169525,0.0520934028247026,3
1714081070.1521378,0.1897335874777708,3
1714081070.2872534,0.3218502136593599,3
1714081070.4224138,0.4627649184265215,3
1714081070.5574474,0.5917325061353225,3
1714081070.6926656,0.7087311711651959,3
1714081070.8277557,0.8332216289770439,3
1714081070.963056,0.9607684250746472,3
1714081071.0980923,1.0919448567372,3
1714081071.233324,1.2230566189523362,3
1714081071.367984,1.3561875331979056,3
1714081071.503041,1.4857226785089015,3
1714081071.6382897,1.620914497093319,3
1714081071.7734716,1.760452382189044,3
1714081071.908635,1.889768650799892,3
1714081072.043401,2.004873959899159,3
1714081072.1788864,2.1256128141333743,3
1714081072.314037,2.254980199665571,3
1714081072.449118,2.379413397128183,3
1714081072.5841875,2.511066305566659,3
1714081072.719229,2.6429709063189315,3
1714081072.854313,2.7780762931076723,3
1714081072.989422,2.914146582763863,3
1714081073.1245492,3.0529307087873945,3
1714081073.2598994,-3.0978894922000784,3
1714081073.393924,-2.978821533793211,3
1714081073.5302317,-2.857551722868643,3
1714081073.6650214,-2.7322799560376243,3
1714081073.7992628,-2.5994284768886637,3
1714081073.9467902,-2.4714782464072487,3
1714081074.0819085,-2.338613548753632,3
1714081074.2176557,-2.206837770120854,3
1714081074.3527775,-2.0696193683356574,3
1714081074.4875948,-1.9327748781459089,3
1714081074.6227782,-1.7886032336599145,3
1714081074.7584677,-1.6530721837747038,3
1714081074.893519,-1.5323685028490783,3
1714081075.0281675,-1.4137306846537236,3
1714081075.1633165,-1.2875327119545794,3
1714081075.2985146,-1.157601107265568,3
1714081075.433819,-1.0296770019355124,3
1714081075.5685248,-0.893480395895758,3
1714081075.704136,-0.7569819095900974,3
1714081075.8388677,-0.6271343118904664,3
1714081075.9743402,-0.4884752460430989,3
1714081076.1089363,-0.3597685075011684,3
1714081076.2443523,-0.2454446958853036,3
1714081076.379336,-0.1162363196112323,3
1714081076.5141668,0.0031026894306602,3
1714081076.649811,0.1314752064055327,3
1714081076.7847514,0.2626057589343293,3
1714081076.919726,0.3981977795509061,3
1714081077.0549998,0.5339379244162049,3
1714081077.1895237,0.6692671780107877,3
1714081077.3249414,0.8096352744527834,3
1714081077.459977,0.9448598398695154,3
1714081077.5949218,1.0671585113420523,3
1714081077.7305243,1.192901326442115,3
1714081077.8653903,1.305315978996246,3
1714081078.0005422,1.433902251316484,3
1714081078.1356227,1.5634647377659925,3
1714081078.2718873,1.6991897298989542,3
1714081078.4055634,1.832893273381391,3
1714081078.5410502,1.9630586201632572,3
1714081078.6759884,2.10824328808938,3
1714081078.8119235,2.2415432743695245,3
1714081078.9466257,2.357921458716893,3
1714081079.0819526,2.477697447360592,3
1714081079.2168093,2.603187393258207,3
1714081079.3518791,2.7294644427900523,3
1714081079.487183,2.857199012300728,3
1714081079.621904,2.9913168532854386,3
1714081079.7573326,3.124547497529249,3
1714081079.8919015,-3.023421360616624,3
1714081080.0261395,-2.888270392194144,3
1714081080.1627598,-2.7505917834045635,3
1714081080.2965024,-2.6283596482611875,3
1714081080.4324713,-2.509344323757998,3
1714081080.566342,-2.390996532055241,3
1714081080.7024047,-2.2608164740825605,3
1714081080.8374865,-2.134892667905446,3
1714081080.9728265,-2.0019175539437266,3
1714081081.107793,-1.8635441240035304,3
1714081081.2430675,-1.721944312958704,3
1714081081.3778472,-1.5907531560009742,3
1714081081.5129335,-1.452803314139276,3
1714081081.6483326,-1.3222774159102315,3
1714081081.7834134,-1.1954977198373455,3
1714081081.9186845,-1.0709058982308388,3
1714081082.0657115,-0.9455916787802732,3
1714081082.2012773,-0.8199318962734172,3
1714081082.3364549,-0.6893849797484669,3
1714081082.4717226,-0.5534222828336113,3
1714081082.606403,-0.4223596444565545,3
1714081082.7419636,-0.2839821394472936,3
1714081082.8766644,-0.1534213726513349,3
1714081083.011787,-0.0178707230401604,3
1714081083.1463428,0.1111958271848339,3
1714081083.2817924,0.226796135619864,3
1714081083.4172528,0.3489651926751236,3
1714081083.5523942,0.4764218269641151,3
1714081083.687198,0.6027964610493085,3
1714081083.8224237,0.7350664124804708,3
1714081083.9573174,0.8704816650435186,3
1714081084.0927248,1.007324647224353,3
1714081084.2278714,1.1435617546318095,3
1714081084.3632894,1.2779592791903711,3
1714081084.4989843,1.4027220452378373,3
1714081084.633349,1.52142735226337,3
1714081084.7678547,1.6329460356158612,3
1714081084.902892,1.7610530547817582,3
1714081085.0385268,1.890776489731727,3
1714081085.173729,2.019311639053628,3
1714081085.3085167,2.1516052455936823,3
1714081085.4435897,2.2874424189870823,3
1714081085.5792572,2.424461260839806,3
1714081085.7143342,2.554241159285933,3
1714081085.8486793,2.6868686209081267,3
1714081085.9839845,2.8051398673522283,3
1714081086.1195507,2.9203366767477594,3
1714081086.2541935,3.0509187241820404,3
1714081086.389301,-3.1120053524203586,3
1714081086.5241537,-2.9802084863305174,3
1714081086.65978,-2.846166778313137,3
1714081086.7937324,-2.7087916391716043,3
1714081086.9309278,-2.574051153561056,3
1714076467.490312,-1.779567513001202,4
1714076467.6247325,-1.6244109368692237,4
1714076467.7608423,-1.465674719781786,4
1714076467.8948038,-1.3042036413086944,4
1714076468.030381,-1.1470038044497872,4
1714076468.1663158,-0.9789162057411444,4
1714076468.3008711,-0.821413077631572,4
1714076468.4360106,-0.6615422248572275,4
1714076468.5710487,-0.5225767585454918,4
1714076468.7067018,-0.372741523800757,4
1714076468.8419075,-0.2137937095949916,4
1714076468.976577,-0.0578940379386518,4
1714076469.1108112,0.1058151020831364,4
1714076469.246277,0.2729674344692245,4
1714076469.381708,0.4371364159121568,4
1714076469.516224,0.5867940632715509,4
1714076469.6519122,0.7442690590949166,4
1714076469.7871675,0.8930909498191876,4
1714076469.9100392,1.047770507580104,4
1714076470.0450122,1.2099114595536946,4
1714076470.1807227,1.3637795441535356,4
1714076470.315974,1.529648471074676,4
1714076470.4505968,1.694058067180912,4
1714076470.585875,1.854092300893963,4
1714076470.7211545,1.9988821427874652,4
1714076470.856331,2.136091563278642,4
1714076470.9907246,2.290208317783907,4
1714076471.1260252,2.4453734970931342,4
1714076471.2614012,2.6080344213906854,4
1714076471.396368,2.7691289167714337,4
1714076471.5312014,2.931616002822817,4
1714076471.653788,3.097018018414828,4
1714076471.7888896,-3.0260896413158687,4
1714076471.9240742,-2.886188693580916,4
1714076472.0592444,-2.737704706409433,4
1714076472.193138,-2.5851948981275266,4
1714076472.3292432,-2.422963165858965,4
1714076472.464372,-2.265228905143595,4
1714076472.599713,-2.0996214545254603,4
1714076472.734598,-1.932855592191086,4
1714076472.8699782,-1.7735787907558576,4
1714076473.0051491,-1.6102245708834777,4
1714076473.1401558,-1.4728369418971567,4
1714076473.2751715,-1.325492303434901,4
1714076473.398415,-1.1672514531714984,4
1714076473.5335326,-1.0116868490825277,4
1714076473.6680565,-0.8472157195895784,4
1714076473.8039668,-0.6870570202355224,4
1714076473.9391916,-0.5243966083690434,4
1714076474.0735583,-0.3628746734761093,4
1714076474.2116506,-0.2169250691335435,4
1714076474.3443065,-0.0700094150943431,4
1714076474.4791448,0.0815202838879489,4
1714076474.6148858,0.2350174824024123,4
1714076474.7489047,0.3992516071712889,4
1714076474.884374,0.5592922267772664,4
1714076475.019347,0.7210586738384873,4
1714076475.1422276,0.887447654063479,4
1714076475.2781324,1.0460929725211872,4
1714076475.412401,1.1895943918083882,4
1714076475.5477068,1.3369873112913413,4
1714076475.6825197,1.4894570423457834,4
1714076475.8184912,1.649626639262383,4
1714076475.9529307,1.8106118808670637,4
1714076476.0878222,1.9775672297626457,4
1714076476.2226927,2.134734088626697,4
1714076476.3596015,2.293349937871214,4
1714076476.493262,2.4357294030818264,4
1714076476.6284966,2.581801810940068,4
1714076476.7636316,2.7349240438517364,4
1714076476.8992522,2.89332259321134,4
1714076477.0336456,3.0527184334515938,4
1714076477.1567185,-3.066941392183819,4
1714076477.2916994,-2.9020270237130124,4
1714076477.4261692,-2.738339915333176,4
1714076477.5607426,-2.5909754794721707,4
1714076477.6957915,-2.446655187522204,4
1714076477.8314917,-2.2955652814844143,4
1714076477.9670768,-2.134532824984578,4
1714076478.1016734,-1.9790120810991787,4
1714076478.2383137,-1.8201413110376876,4
1714076478.3726337,-1.6462304327543855,4
1714076478.5075643,-1.4823311167116702,4
1714076478.6425414,-1.3185609585692568,4
1714076478.7778876,-1.1690079231105357,4
1714076478.9126196,-1.0282341235836472,4
1714076479.0362685,-0.8789260714748508,4
1714076479.1705086,-0.7167636293841477,4
1714076479.3064682,-0.5609327531756768,4
1714076479.441334,-0.4017062541221113,4
1714076479.5763357,-0.2359079753437498,4
1714076479.7110672,-0.0748283146359169,4
1714076479.8462589,0.088098936901062,4
1714076479.9819498,0.2260878905660135,4
1714076480.1164856,0.3712319312980927,4
1714076480.2512195,0.5297430064652531,4
1714076480.3871782,0.6809265168123534,4
1714076480.5217175,0.8441926959984825,4
1714076480.656984,1.0090641498986734,4
1714076480.7798114,1.1745484590878643,4
1714076480.914599,1.333522918967047,4
1714076481.0508385,1.4771564707302205,4
1714076481.1862218,1.614783864158719,4
1714076481.320682,1.7711854950590895,4
1714076481.4551766,1.9249734068875248,4
1714076481.5903242,2.082674111740292,4
1714076481.7262175,2.2480541169218125,4
1714076481.8609166,2.4117438410011283,4
1714076481.9957707,2.5687075827663546,4
1714076482.1306036,2.7258036286154,4
1714076482.2663698,2.864949216141877,4
1714076482.388404,3.018699905370959,4
1714076482.5243196,-3.111281780624617,4
1714076482.6593516,-2.95935970415169,4
1714076482.7940989,-2.795357341531531,4
1714076482.9280708,-2.6323279918248854,4
1714076483.0636792,-2.4681896726003894,4
1714076483.1983943,-2.312503544654649,4
1714076483.3340774,-2.1692064894134613,4
1714076483.4691596,-2.0198574666299147,4
1714076483.6044545,-1.8650777012758333,4
1714076483.739446,-1.7050941329617604,4
1714076483.8743896,-1.539775751980419,4
1714076484.0095994,-1.3780935739129043,4
1714076484.1325295,-1.2118221534426288,4
1714076484.267805,-1.0523843157511588,4
1714076484.402874,-0.8934857206275648,4
1714076484.5378454,-0.7459546494313203,4
1714076484.673148,-0.6020453345146811,4
1714076484.8083065,-0.4492723269237594,4
1714076484.943509,-0.2913693291640734,4
1714076485.0786335,-0.1341394029588279,4
1714076485.2140424,0.026194820010879,4
1714076485.3486612,0.1862341536789254,4
1714076485.4837594,0.3478135188356024,4
1714076485.607072,0.4996965470201271,4
1714076485.7420692,0.6439949721167677,4
1714076485.8780994,0.789948658324759,4
1714076486.0118115,0.9471410556214472,4
1714076486.1469102,1.1071534978256177,4
1714076486.2822895,1.268759497944918,4
1714076486.4177802,1.4313295871022844,4
1714076486.5524552,1.596563509467538,4
1714076486.6878035,1.7409480480991564,4
1714076486.8227477,1.8877979437101156,4
1714076486.9579508,2.0300377681074924,4
1714076487.092772,2.1824722428245757,4
1714076487.217069,2.336679364122882,4
1714076487.350664,2.4913532494231085,4
1714076487.4855745,2.6618885349461245,4
1714076487.6209793,2.817952455691576,4
1714076487.7560265,2.9787170361784105,4
1714076487.8910933,3.128406087243152,4
1714076488.0266423,-3.0132415775014763,4
1714076488.1612446,-2.8674321313848865,4
1714076488.296381,-2.711490338439262,4
1714076488.430474,-2.558041337331501,4
1714076488.5664382,-2.394950773106084,4
1714076488.7008867,-2.231407015639245,4
1714076488.8235226,-2.0731216287413323,4
1714076488.959792,-1.9170391167656704,4
1714076489.095183,-1.7720655141284245,4
1714076489.2303832,-1.63569314107424,4
1714076489.3649054,-1.479911760762333,4
1714076489.500349,-1.3139929998463236,4
1714076489.635189,-1.1585762716416614,4
1714076489.7706864,-1.000852073384049,4
1714076489.9054878,-0.8447065463060492,4
1714076490.0406144,-0.6812711492867543,4
1714076490.16372,-0.52359280222869,4
1714076490.2985027,-0.3754130214093578,4
1714076490.433391,-0.2285520173318218,4
1714076490.5686705,-0.0752780889126367,4
1714076490.7037408,0.0790838032330096,4
1714076490.839448,0.2418513837998128,4
1714076490.973781,0.4021209448019274,4
1714076491.1093476,0.564010116146596,4
1714076491.2445064,0.7239985614806708,4
1714076491.3790925,0.8714294067716876,4
1714076491.5145583,1.0208558574725777,4
1714076491.6493804,1.1730831110384408,4
1714076491.7722056,1.3314068350966348,4
1714076491.906957,1.4892942191684784,4
1714076492.0423994,1.6485201990847078,4
1714076492.1781375,1.8141716476208885,4
1714076492.3126457,1.9724070878250877,4
1714076492.4476726,2.1274192433209027,4
1714076492.5826278,2.268350302543899,4
1714076492.7181,2.4101681476115577,4
1714076492.8532965,2.559164182936597,4
1714076492.988037,2.716017599465104,4
1714076493.1108837,2.8771309327616312,4
1714076493.2468371,3.039990360413347,4
1714076493.3811977,-3.0813162364987914,4
1714076493.5166376,-2.9199691180739458,4
1714076493.6514914,-2.7723899400714265,4
1714076493.7869575,-2.63312522767185,4
1714076493.9221172,-2.477268360086546,4
1714076494.0560155,-2.3211572521725685,4
1714076494.190741,-2.165324625931272,4
1714076494.325861,-2.000180613505404,4
1714076494.4621124,-1.840577308180705,4
1714076494.5851352,-1.6801201103690349,4
1714076494.7201607,-1.5144581525531136,4
1714076494.8556166,-1.3561616698510284,4
1714076494.9899652,-1.2078949578382645,4
1714076495.1252582,-1.0570902111688805,4
1714076495.2601025,-0.9027499088763662,4
1714076495.3958366,-0.7460425804788714,4
1714076495.5304005,-0.5859173044062539,4
1714076495.6655362,-0.4207713761748843,4
1714076495.8011613,-0.2594953427155144,4
1714076495.9362502,-0.1017719900759237,4
1714076496.0713372,0.0443799430178621,4
1714076496.1938612,0.1860071821424415,4
1714076496.329025,0.3423742380251955,4
1714076496.4645522,0.4968588829342301,4
1714076496.599826,0.6539248295964326,4
1714076496.7342353,0.8177829865966721,4
1714076496.869208,0.9804655888482277,4
1714076497.0047088,1.1416310419679,4
1714076497.1393602,1.295170279075148,4
1714076497.2749605,1.4369690838831295,4
1714076522.4655826,2.2300364549016543,5
1714076522.6005988,2.4194028072112723,5
1714076522.7235675,2.6067345636537245,5
1714076522.8587017,2.795338882818688,5
1714076522.9924471,2.977267649513353,5
1714076523.128203,-3.138604223292347,5
1714076523.2642145,-2.9574460502190614,5
1714076523.4003408,-2.7790049709121925,5
1714076523.572092,-2.5845940918437957,5
1714076523.6686788,-2.3914845679768426,5
1714076523.804443,-2.201800105312528,5
1714076523.9394095,-2.017934736352732,5
1714076524.0739162,-1.8442039288892524,5
1714076524.208181,-1.6699288900697136,5
1714076524.344801,-1.4843390526960067,5
1714076524.4663167,-1.2966844004798468,5
1714076524.6021895,-1.1032851718251953,5
1714076524.7386642,-0.9162214709601436,5
1714076524.8724265,-0.7231835293756688,5
1714076525.007896,-0.6576799304271432,5
1714076525.1427622,-0.5190831399689233,5
1714076525.278261,-0.4200404736743177,5
1714076525.4129326,-0.2015633504724122,5
1714076525.548024,-0.0245869652029822,5
1714076525.6830394,-0.002615073401039,5
1714076525.8062367,0.046128464977599,5
1714076525.9421122,0.2361610148647735,5
1714076526.0767212,0.401228051256135,5
1714076526.2115076,0.5812866340526632,5
1714076526.3465958,0.7662799493226338,5
1714076526.4818385,0.9509054791475512,5
1714076526.616788,1.1448688175994022,5
1714076526.751935,1.3377626185737326,5
1714076526.8868165,1.524524991157497,5
1714076527.022233,1.694479042520213,5
1714076527.1448138,1.8714015528336063,5
1714076527.279875,2.065466043439855,5
1714076527.4159606,2.248124582612688,5
1714076527.5501757,2.4367171037463016,5
1714076527.6852777,2.623631753907816,5
1714076527.820369,2.8152367251517645,5
1714076527.9556935,2.9833253149162275,5
1714076528.0907538,-3.127315401834005,5
1714076528.2267122,-2.9404674016510595,5
1714076528.3486383,-2.7551804323447904,5
1714076528.484262,-2.5653061503184063,5
1714076528.6190908,-2.371468887174678,5
1714076528.7537272,-2.181028189283995,5
1714076528.8879488,-2.009250640055292,5
1714076529.02438,-1.8329151640022172,5
1714076529.1580834,-1.6517635338617798,5
1714076529.2939909,-1.4661394430689887,5
1714076529.4290874,-1.2767146653216228,5
1714076529.5522144,-1.0797339029898017,5
1714076529.68715,-0.8852320254149747,5
1714076529.822219,-0.8548001368662248,5
1714076529.9580114,-0.8694345676691845,5
1714076530.0924654,-0.7728711688262645,5
1714076530.227842,-0.5864901115489833,5
1714076530.3626916,-0.3971144580875787,5
1714076530.4978812,-0.2083946387846938,5
1714076530.6327906,-0.0155501905712358,5
1714076530.7563136,0.1764418456545229,5
1714076530.8908532,0.3498620969745509,5
1714076531.0263078,0.5283575835458513,5
1714076531.1613002,0.7160645853320854,5
1714076531.2961538,0.9006759337352777,5
1714076531.431091,1.094332755075257,5
1714076531.5666528,1.2825070603569222,5
1714076531.7015872,1.4704281432959707,5
1714076531.8246484,1.644084088704142,5
1714076531.9595895,1.821008033895989,5
1714076532.095061,1.9976945346464448,5
1714076532.229664,2.183361946316868,5
1714076532.3652155,2.370867196941362,5
1714076532.5003076,2.5656097957089306,5
1714076532.6354444,2.7527556955271444,5
1714076532.769796,2.932529219939648,5
1714076532.9057846,3.1010884462258663,5
1714076533.0280478,-3.0021172532317264,5
1714076533.163276,-2.8180544926763087,5
1714076533.298738,-2.6232245634793747,5
1714076533.433214,-2.4348580967242888,5
1714076533.5673642,-2.2416044034961846,5
1714076533.703707,-2.062250223862621,5
1714076533.8376694,-1.8942420606834784,5
1714076533.973158,-1.7152036870061318,5
1714076534.0966792,-1.536475381389098,5
1714076534.2313714,-1.3520703868987778,5
1714076534.366602,-1.1533159264713295,5
1714076534.502198,-0.9586673980132594,5
1714076534.637527,-0.768888857312592,5
1714076534.772307,-0.7681464129934308,5
1714076534.907248,-0.6482963710519222,5
1714076535.0428183,-0.4615541597842303,5
1714076535.1780589,-0.2788269669275331,5
1714076535.3004248,-0.0852692744138248,5
1714076535.4358528,0.1042637482891244,5
1714076535.5703895,0.2965986324221799,5
1714076535.70586,0.474716996146423,5
1714076535.8407311,0.6947916024861893,5
1714076535.975645,0.8764371972985784,5
1714076536.1105473,1.0168398133149563,5
1714076536.2461865,1.2020464872030685,5
1714076536.3811195,1.399138829334598,5
1714076536.5037866,1.5846489191518836,5
1714076536.6388834,1.7696357904045712,5
1714076536.7738116,1.929799351713198,5
1714076536.9093528,2.111105589802989,5
1714076537.044356,2.2932359451803515,5
1714076537.1798215,2.485579668303638,5
1714076537.3149848,2.673649998842347,5
1714076537.449664,2.865887146806525,5
1714076537.5851629,3.052490141231623,5
1714076537.7078683,-3.066335491129397,5
1714076537.8428986,-2.891948950547764,5
1714076537.9783788,-2.704688767097404,5
1714076538.112884,-2.51794607546596,5
1714076538.2477405,-2.3264409618111435,5
1714076538.3833375,-2.1360562634684035,5
1714076538.5172906,-1.9496887945182768,5
1714076538.6531906,-1.7839301376062242,5
1714076538.7880414,-1.6141956886187103,5
1714076538.910905,-1.4153503662353089,5
1714076539.0463555,-1.2330593857687393,5
1714076539.1811929,-1.0400222860278947,5
1714076539.3165662,-0.845914997813099,5
1714076539.451562,-0.6552433313100913,5
1714076539.5869446,-0.5638119014528629,5
1714076539.7217298,-0.3933186162353178,5
1714076539.8575573,-0.2140830256432689,5
1714076539.9919064,-0.0263613497728307,5
1714076540.1158602,0.1635330279273157,5
1714076540.2499456,0.3536806784015826,5
1714076540.385445,0.5451725343743625,5
1714076540.520556,0.7306516190783245,5
1714076540.6549268,0.8957084189145307,5
1714076540.7901428,1.0714089261906226,5
1714076540.925215,1.2558959624343122,5
1714076541.0600193,1.4465642004707644,5
1714076541.1957526,1.639548172285611,5
1714076541.330277,1.82830616491443,5
1714076541.453375,2.006090038900554,5
1714076541.5884364,2.1821358821679127,5
1714076541.7240355,2.3519160261366863,5
1714076541.8591776,2.531162078656241,5
1714076541.9939609,2.7181548159252142,5
1714076542.1290634,2.9086884696209085,5
1714076542.2646327,3.0946113751027657,5
1714076542.3994622,-2.9939047980846087,5
1714076542.5344355,-2.824407204971521,5
1714076542.657719,-2.650457304517416,5
1714076542.792782,-2.471970239364156,5
1714076542.9275136,-2.2908523402752623,5
1714076543.062786,-2.095452025228288,5
1714076543.196967,-1.908186341058017,5
1714076543.332397,-1.7230804141048417,5
1714076543.467543,-1.5546050228368604,5
1714076543.6028717,-1.383765867290112,5
1714076543.7385514,-1.1999531678495978,5
1714076543.873297,-1.1438263142795315,5
1714076543.9956868,-1.0188799264732171,5
1714076544.1313164,-0.8130655991300316,5
1714076544.265869,-0.6206869546616237,5
1714076544.401168,-0.4250584884913048,5
1714076544.5369828,-0.2541654162057525,5
1714076544.6715112,-0.0845841289938529,5
1714076544.806859,0.100275259825505,5
1714076544.9420304,0.2855894524721467,5
1714076545.065201,0.4766371983496658,5
1714076545.200024,0.65919609137927,5
1714076545.3350973,0.8459024019360217,5
1714076545.4699297,1.029833004687205,5
1714076545.6050203,1.203362380179126,5
1714076545.74016,1.3848413792037686,5
1714076545.8752117,1.5708750501787565,5
1714076546.0100052,1.7619705839002695,5
1714076546.1454618,1.9494559779364091,5
1714076546.2677388,2.136464322840462,5
1714076546.4034865,2.321654156049141,5
1714076546.5383,2.4814399019528053,5
1714076546.6731713,2.662387585646783,5
1714076546.808535,2.847691208209651,5
1714076546.9442327,3.039696605314856,5
1714076547.0795498,-3.053632161679002,5
1714076547.2139568,-2.8637795193231246,5
1714076547.3490205,-2.676414193122676,5
1714076547.4718957,-2.5083684707649008,5
1714076547.607155,-2.328586739071504,5
1714076547.7420626,-2.137228204688199,5
1714076547.876467,-1.9518852374017133,5
1714076548.0110188,-1.764774142698963,5
1714076548.147095,-1.5777908826898297,5
1714076548.2825463,-1.3891604978923573,5
1714076548.4176917,-1.199373709770708,5
1714076548.551989,-1.1584578433099446,5
1714076548.687966,-1.0379100357816382,5
1714076548.810351,-0.8079175365152418,5
1714076548.945683,-0.6209287849370759,5
1714076549.0809374,-0.4366339049861527,5
1714076549.2164063,-0.2446727992683941,5
1714076549.35102,-0.0624174455585415,5
1714076549.4869986,0.1088172404652194,5
1714076549.6216278,0.2844411210904311,5
1714076549.7573917,0.4684753170118209,5
1714076549.8795762,0.6535155576887083,5
1714076550.01529,0.836052227186288,5
1714076550.1492927,1.0332463323807968,5
1714076550.284485,1.227280380996314,5
1714076550.419387,1.3951457802631066,5
1714076550.5549157,1.5790997609068325,5
1714076550.6894865,1.7673902534663546,5
1714076550.8250072,1.9482323762493936,5
1714076550.9600418,2.143943741264275,5
1714076551.0949051,2.3374587072541178,5
1714076551.2183688,2.51692622866292,5
1714076551.3528554,2.686227944010913,5
1714076551.4878771,2.861715613924494,5
1714076551.62332,3.0441652828739643,5
1714076551.7591004,-3.0504694463548487,5
1714076551.8934312,-2.859349071255454,5
1714076552.028825,-2.6642975967629314,5
1714076552.1640286,-2.473160795078253,5
1714076552.2990468,-2.3039925289754217,5
1714076552.42161,-2.1248676699130327,5
1714076552.5563457,-1.9425347348236253,5
1714076552.690669,-1.7576025001164235,5
1714076552.8270056,-1.5728003795112817,5
1714076552.9616864,-1.37219567580195,5
1714076553.0972395,-1.177965993342848,5
1714076553.2319906,-1.1417053820128271,5
1714076553.3670156,-1.0550718276421716,5
1714076553.5024104,-0.8967677878375457,5
1714076583.2872927,-0.8353953190820091,6
1714076583.422274,-0.7065961970769234,6
1714076583.555899,-0.500473967343404,6
1714076583.7744946,-0.3049487495438452,6
1714076584.170898,0.1557710030709778,6
1714076584.1734908,0.3720458933911317,6
1714076584.2193024,0.5661585258033314,6
1714076584.354996,0.7780130847147805,6
1714076584.4900644,0.9905009279460464,6
1714076584.6254134,1.2096424599406177,6
1714076584.7605424,1.4273241943755652,6
1714076584.8959644,1.6440206129119903,6
1714076585.0311618,1.840012864402686,6
1714076585.166439,2.038681850484783,6
1714076585.2887998,2.2515460195762342,6
1714076585.4239051,2.472929587590555,6
1714076585.5592031,2.6959088929945083,6
1714076585.6936257,2.9076522692205686,6
1714076585.8296795,3.116102207140685,6
1714076585.96447,-2.9739382537812005,6
1714076586.1004102,-2.764723723066364,6
1714076586.2344048,-2.5478051922466083,6
1714076586.3576236,-2.3235711822458804,6
1714076586.4920056,-2.1048973005486062,6
1714076586.62716,-1.8966357096242663,6
1714076586.7622306,-1.7037905667065183,6
1714076586.8979907,-1.4967729994529686,6
1714076587.032578,-1.2845297924234926,6
1714076587.167945,-1.0616991282924344,6
1714076587.3029828,-0.8412776192022796,6
1714076587.425986,-0.7456468088494318,6
1714076587.5610042,-0.5717994199634523,6
1714076587.8309915,-0.1605864643659105,6
1714076587.9663806,0.0507409650922507,6
1714076588.1016445,0.2732650643010608,6
1714076588.2373073,0.492817682229048,6
1714076588.3592134,0.7051774973503786,6
1714076588.49431,0.9001018290817147,6
1714076588.6291826,1.107914804136671,6
1714076588.7645848,1.3231513302143083,6
1714076588.899439,1.5440864554767124,6
1714076589.0346165,1.7629781825471689,6
1714076589.1698809,1.9738636595777688,6
1714076589.2928894,2.168738405079239,6
1714076589.4277146,2.3731078519408872,6
1714076589.5633674,2.5813317161716465,6
1714076589.6982288,2.799387078056077,6
1714076589.8332546,3.01694985610982,6
1714076589.9686232,-3.043151891346498,6
1714076590.10324,-2.843889451300992,6
1714076590.2262862,-2.635526255897495,6
1714076590.3622046,-2.424108256791846,6
1714076590.4953277,-2.2046280998690366,6
1714076590.6304622,-1.9833912008135623,6
1714076590.765581,-1.7659565050100154,6
1714076590.901713,-1.5742612243261376,6
1714076591.036974,-1.3803079964127432,6
1714076591.171553,-1.1669627228125483,6
1714076591.2948604,-0.9524323506756068,6
1714076591.4299612,-0.7352697234325736,6
1714076591.5651212,-0.6162413800986521,6
1714076591.6998627,-0.3932597081461139,6
1714076591.835018,-0.1897840044476413,6
1714076591.9705062,0.0163084011325871,6
1714076592.093007,0.2289232245804733,6
1714076592.228171,0.4465535525607366,6
1714076592.363083,0.6626700424081735,6
1714076592.4981363,0.8782110636957812,6
1714076592.633341,1.0911257253165605,6
1714076592.7681816,1.291370703633156,6
1714076592.9040253,1.5052574655645348,6
1714076593.0262036,1.7205927928372766,6
1714076593.161709,1.9386780897681504,6
1714076593.2971342,2.1568039040271554,6
1714076593.4317598,2.360097197996502,6
1714076593.5673225,2.5540979838356277,6
1714076593.701871,2.758339068030818,6
1714076593.8246546,2.9783671417585578,6
1714076593.9597769,-3.0845591685710207,6
1714076594.0958602,-2.868568410051495,6
1714076594.230804,-2.641453648616944,6
1714076594.365377,-2.448938003082815,6
1714076594.499395,-2.238626922847637,6
1714076594.6354015,-2.0261777484886165,6
1714076594.757805,-1.80708012406228,6
1714076594.8928726,-1.589115609013429,6
1714076595.0282338,-1.371341090608284,6
1714076595.163449,-1.1635132029672837,6
1714076595.2985923,-1.1131343880755955,6
1714076595.4330747,-1.0031898886848425,6
1714076595.5685866,-0.805553103009767,6
1714076595.691567,-0.5897517485331587,6
1714076595.8267672,-0.3784398264022702,6
1714076595.962083,-0.1715763873040146,6
1714076596.0968988,0.0282116305458188,6
1714076596.2319655,0.2390061100260165,6
1714076596.3674536,0.45179521235338,6
1714076596.5022902,0.6772015172279628,6
1714076596.6249666,0.8938082093729012,6
1714076596.7603877,1.114587648306841,6
1714076596.8953984,1.3136566231457003,6
1714076597.0305266,1.5201666107908236,6
1714076597.1655886,1.7342079447964234,6
1714076597.3009293,1.9468383314126256,6
1714076597.436467,2.1695115161194245,6
1714076597.559201,2.3901394774644555,6
1714076597.6938903,2.5904339781934795,6
1714076597.8288302,2.7890114424017285,6
1714076597.963982,3.0016692125862225,6
1714076598.099048,-3.0616797494359416,6
1714076598.2344005,-2.839271841733259,6
1714076598.369081,-2.6206086139086597,6
1714076598.4920363,-2.4146314481581235,6
1714076598.6259892,-2.2152653280261685,6
1714076598.7624424,-1.999946398901609,6
1714076598.8964477,-1.785034582163923,6
1714076599.0320404,-1.562788683457326,6
1714076599.1671429,-1.3379456306723778,6
1714076599.3025744,-1.1169115418827622,6
1714076599.4251611,-1.0565965637504575,6
1714076599.5605934,-0.7715989351802502,6
1714076599.6957197,-0.6694834294270839,6
1714076599.830642,-0.4743669384098012,6
1714076599.9657829,-0.2331171215897716,6
1714076600.1012232,-0.0117275050021499,6
1714076600.2360103,0.1949074094427887,6
1714076600.371429,0.3933686088776166,6
1714076600.493974,0.6021371469976318,6
1714076600.6290722,0.8230055627026619,6
1714076600.7640753,1.042724523539537,6
1714076600.8993924,1.2643690073704388,6
1714076601.0342271,1.4805954916929749,6
1714076601.1695285,1.680127406442809,6
1714076601.3043983,1.885566828223668,6
1714076601.4274204,2.0992346305445206,6
1714076601.5626664,2.328393562018857,6
1714076601.6975162,2.54140406587872,6
1714076601.8325446,2.7591053515988797,6
1714076601.9677427,2.953429668794364,6
1714076602.1028354,-3.1229777160497774,6
1714076602.2384443,-2.908694329182978,6
1714076602.36121,-2.6857537730184085,6
1714076602.4959228,-2.464318786048428,6
1714076602.6314273,-2.243816113613472,6
1714076602.7663877,-2.045885429718755,6
1714076602.9001937,-1.838209306056756,6
1714076603.037137,-1.6279446778642657,6
1714076603.1716282,-1.4050840579593675,6
1714076603.3062909,-1.1882657420135947,6
1714076603.4296577,-0.959676433297222,6
1714076603.5644906,-0.9227892867813148,6
1714076603.6995125,-0.75001361359829,6
1714076603.8343112,-0.5610234875500439,6
1714076603.969707,-0.3491248946792535,6
1714076604.1050808,-0.114779895431127,6
1714076604.2281573,0.1025647392305657,6
1714076604.3630786,0.3193658909709293,6
1714076604.498278,0.5210446578535796,6
1714076604.632891,0.7244092021061395,6
1714076604.7680502,0.940640080725062,6
1714076604.9039516,1.1567615612803357,6
1714076605.0385916,1.3770440281122536,6
1714076605.1609724,1.597503761527962,6
1714076605.296235,1.799726452516122,6
1714076605.4311702,1.9943450280748405,6
1714076605.5668385,2.207156105710961,6
1714076605.701883,2.4291457827426286,6
1714076605.8367643,2.6440364875709723,6
1714076605.9717665,2.8679738484082717,6
1714076606.0950131,3.072108800668476,6
1714076606.2303176,-3.0160952774241965,6
1714076606.3652182,-2.8013776734347977,6
1714076606.5003705,-2.582113115309324,6
1714076606.6362226,-2.366631851151552,6
1714076606.7689393,-2.1453416265160925,6
1714076606.904107,-1.938570335614686,6
1714076607.040089,-1.741880176133936,6
1714076607.162954,-1.5395519798338952,6
1714076607.2983415,-1.3176033651605918,6
1714076607.4330478,-1.0893662349618896,6
1714076607.5685222,-0.8697409122834017,6
1714076607.7036998,-0.651384056600879,6
1714076607.83866,-0.6113057087131639,6
1714076607.9737103,-0.4138083108339986,6
1714076608.096527,-0.1971956705241461,6
1714076608.2315917,0.0156343741083269,6
1714076608.3670776,0.2386214125799624,6
1714076608.501942,0.4577001496898605,6
1714076608.6372612,0.6711803494233735,6
1714076608.7724257,0.866324752177885,6
1714076608.907143,1.0765790301979548,6
1714076609.0299635,1.2918663170561135,6
1714076609.1654444,1.513321152399934,6
1714076609.3001738,1.735441088545091,6
1714076609.435821,1.9505580558105344,6
1714076609.570324,2.139287115132767,6
1714076609.7053876,2.3471306746404417,6
1714076609.840878,2.553506222350989,6
1714076609.9635708,2.7832941282034462,6
1714076610.0988853,3.003027151165512,6
1714076610.2340326,-3.061058011114256,6
1714076610.368705,-2.862207625164093,6
1714076610.5039454,-2.657716888418696,6
1714076610.6394584,-2.446727952295904,6
1714076610.761256,-2.228349508450296,6
1714076610.897231,-2.0047970390064576,6
1714076611.0310442,-1.7885725426469,6
1714076611.167221,-1.5903355096317306,6
1714076611.3021414,-1.388916884549411,6
1714076611.4375737,-1.176113641229921,6
1714076611.572586,-1.092063472301615,6
1714076611.6956596,-0.8717844420005716,6
1714076611.8303587,-0.6516328002968774,6
1714076611.9655187,-0.5169782910347447,6
1714076612.1008072,-0.3170538003697273,6
1714076612.236728,-0.1049285061439375,6
1714076612.3707497,0.1076119523336718,6
1714076642.4866185,0.6830580129746123,7
1714076642.6224706,0.9260173547065892,7
1714076642.757487,1.1766272332617296,7
1714076642.8922408,1.4272378601678517,7
1714076643.0275874,1.6695738265625122,7
1714076643.161468,1.893130316071228,7
1714076643.2839203,2.1331947051309523,7
1714076643.4200048,2.3824188786850766,7
1714076643.556785,2.6310978987366256,7
1714076643.6892917,2.875873964111904,7
1714076643.8243434,3.099661869213558,7
1714076644.2313857,-2.284485744513455,7
1714076644.233699,-2.4411008189269423,7
1714076644.365961,-2.1883482629583866,7
1714076644.5013423,-1.9623164062893583,7
1714076644.6230204,-1.7215267768241878,7
1714076644.7589293,-1.4813461585448224,7
1714076644.8940265,-1.2335376073169395,7
1714076645.02894,-0.9815007311117744,7
1714076645.1643848,-0.7307662571779668,7
1714076645.299578,-0.5613892819787619,7
1714076645.4342103,-0.5000171154342699,7
1714076645.5581613,-0.2550015536932841,7
1714076645.692742,-0.0089417196788454,7
1714076645.827771,0.2406358544342613,7
1714076645.9624004,0.4875155910603769,7
1714076646.0978692,0.7127438216828921,7
1714076646.2325718,0.9495927259549024,7
1714076646.3555362,1.1945147512259862,7
1714076646.4902294,1.4428676427206784,7
1714076646.6259604,1.6931847414869972,7
1714076646.7606764,1.9271287942837891,7
1714076646.896519,2.1456862082660706,7
1714076647.0309289,2.3874289498249177,7
1714076647.1667862,2.6395800958732534,7
1714076647.2889962,2.884379854846085,7
1714076647.4244118,3.129580287082439,7
1714076647.5596523,-2.9292145549177477,7
1714076647.6953008,-2.694493108785226,7
1714076647.8295822,-2.449012535593905,7
1714076647.965233,-2.1960971962679032,7
1714076648.087433,-1.9452379346436908,7
1714076648.2213976,-1.720826145687462,7
1714076648.3583703,-1.4830176293215669,7
1714076648.492264,-1.2505964174623296,7
1714076648.628032,-1.0029358421720176,7
1714076648.7629092,-0.7484351380582259,7
1714076648.898302,-0.5686210414093518,7
1714076649.0211153,-0.4850846418429655,7
1714076649.1562934,-0.2576538331005467,7
1714076649.290886,-0.0100313119948203,7
1714076649.426026,0.2373695153894104,7
1714076649.5614693,0.489192037630418,7
1714076649.6966667,0.7318375331869689,7
1714076649.831353,0.9556337084139396,7
1714076649.9544804,1.194593512461026,7
1714076650.0891354,1.4380160566331637,7
1714076650.2241273,1.6920448025133654,7
1714076650.3595164,1.934586570426223,7
1714076650.494984,2.158816552423538,7
1714076650.6300771,2.3895848765610563,7
1714076650.7529595,2.631382469380782,7
1714076650.8877697,2.8754708418132826,7
1714076651.0239663,3.122674724325113,7
1714076651.1585202,-2.914658255240707,7
1714076651.2930803,-2.691265391955917,7
1714076651.4282172,-2.458050038045684,7
1714076651.5628262,-2.210486362762524,7
1714076651.6863153,-1.959376136010369,7
1714076651.820443,-1.7089996421728524,7
1714076651.9567082,-1.484517980107667,7
1714076652.0910263,-1.2490067898775328,7
1714076652.226559,-1.004909260127277,7
1714076652.361601,-0.759638662108335,7
1714076652.4844298,-0.5084339228958776,7
1714076652.6197145,-0.3265407081393001,7
1714076652.7544546,-0.0850852307126541,7
1714076652.889693,0.1449904110825129,7
1714076653.0250204,0.3839639688586179,7
1714076653.1602929,0.630871058548614,7
1714076653.2827308,0.8790227291304298,7
1714076653.4180267,1.124973912939268,7
1714076653.5528955,1.34859912574672,7
1714076653.6879754,1.588695494884934,7
1714076653.8230836,1.8354741926135336,7
1714076653.95935,2.0891090141005506,7
1714076654.092999,2.330563660498511,7
1714076654.2167792,2.5562409587790973,7
1714076654.3512304,2.787347882966657,7
1714076654.4870102,3.026652541636015,7
1714076654.6220064,-3.0028289482286974,7
1714076654.7569804,-2.753968731923784,7
1714076654.8916557,-2.510984933571417,7
1714076655.0154276,-2.286436158154414,7
1714076655.1497123,-2.049676711768569,7
1714076655.285325,-1.7982166082400004,7
1714076655.4186835,-1.5488282978299557,7
1714076655.5550249,-1.3037034272184622,7
1714076655.6901517,-1.0615064003811927,7
1714076655.8254218,-0.8275362458996386,7
1714076655.9478145,-0.7154322001587801,7
1714076656.0829704,-0.647902012558516,7
1714076656.2187076,-0.554356180812348,7
1714076656.353511,-0.3048767311365191,7
1714076656.4883687,-0.0701108753795956,7
1714076656.6237123,0.1586864501789157,7
1714076656.7465203,0.4023258230002389,7
1714076656.8816884,0.6493844763634391,7
1714076657.016881,0.8962586151781459,7
1714076657.1515906,1.1411633510060089,7
1714076657.2869802,1.3670821736886256,7
1714076657.421764,1.6117203820448207,7
1714076657.557326,1.856446161316322,7
1714076657.6797583,2.105114978110585,7
1714076657.81551,2.352909224083084,7
1714076657.950218,2.5753546443328834,7
1714076658.085493,2.8121923590700733,7
1714076658.220391,3.0538448327608028,7
1714076658.3552563,-2.97891973035988,7
1714076658.4785526,-2.7267184422306685,7
1714076658.6135073,-2.482979278858067,7
1714076658.7485971,-2.258035619104194,7
1714076658.883534,-2.0158818589328846,7
1714076659.0173836,-1.7693115286136607,7
1714076659.1533012,-1.5237472575957087,7
1714076659.2763398,-1.27576222447978,7
1714076659.4112585,-1.1887402588332188,7
1714076659.547201,-1.0379192168184252,7
1714076659.681408,-0.791978417256739,7
1714076659.817073,-0.5467557831942331,7
1714076659.9518888,-0.2955478625673034,7
1714076660.0870414,-0.0436929569436848,7
1714076660.210389,0.1822748178858138,7
1714076660.345618,0.4202058667241841,7
1714076660.4803047,0.6647814885530945,7
1714076660.616496,0.9148288183403268,7
1714076660.7501757,1.1608620770987894,7
1714076660.8852706,1.4064642794048472,7
1714076661.0080297,1.6341171214095258,7
1714076661.1442747,1.8747068668961655,7
1714076661.278782,2.115573935282768,7
1714076661.4133246,2.364389285045379,7
1714076661.5484717,2.607191904437521,7
1714076661.6842177,2.8397165917755216,7
1714076661.806988,3.073704701952695,7
1714076661.9420466,-2.973685151694589,7
1714076662.0772116,-2.720593390650031,7
1714076662.2118108,-2.4731818116930477,7
1714076662.3470478,-2.233142108357308,7
1714076662.482144,-2.006644465905734,7
1714076662.6039803,-1.7617806968009608,7
1714076662.7400756,-1.5166296508233057,7
1714076662.8752398,-1.2650955512288775,7
1714076663.0103805,-1.005800596310908,7
1714076663.145328,-0.6376672643731967,7
1714076663.2800767,-0.4163760167379173,7
1714076663.4037943,-0.070895296326316,7
1714076663.5385993,0.2263077524955284,7
1714076663.6734798,0.425877251518198,7
1714076663.8087423,0.6749652991363143,7
1714076663.9441388,0.9037338587995922,7
1714076664.0792298,1.1353297849949602,7
1714076664.2141132,1.3792748589040382,7
1714076664.3370545,1.6276060313724088,7
1714076664.471808,1.8833174563956607,7
1714076664.6073737,2.1250604285492987,7
1714076664.741876,2.351092469777685,7
1714076664.877105,2.5833856546469023,7
1714076665.0116937,2.827936456644673,7
1714076665.1349964,3.0782252318231698,7
1714076665.2699947,-2.9598536883884177,7
1714076665.405529,-2.734674195462752,7
1714076665.5406168,-2.4991933294557764,7
1714076665.6754692,-2.258156584747508,7
1714076665.8104186,-2.0085856797837294,7
1714076665.9330192,-1.7561084816073205,7
1714076666.068401,-1.5131189544228745,7
1714076666.202751,-1.2901927896640604,7
1714076666.3389816,-1.0485586608255824,7
1714076666.473592,-0.8027467767664519,7
1714076666.609211,-0.5500431442247424,7
1714076666.731866,-0.4000711409807063,7
1714076666.867431,-0.2719342443871134,7
1714076667.001885,-0.2030742628862416,7
1714076667.1376567,-0.0991281568504382,7
1714076667.2723758,0.1477382636901794,7
1714076667.6656396,1.0124265662754637,7
1714076667.8006902,1.2450927153389504,7
1714076667.9356067,1.4882311400405843,7
1714076668.070532,1.736565687081944,7
1714076668.2062347,1.9864834983394832,7
1714076668.3408113,2.229236180245257,7
1714076668.463664,2.448430396639662,7
1714076668.599291,2.685645190219493,7
1714076668.7335768,2.934089789494044,7
1714076668.8687491,-3.1041239582199647,7
1714076669.00388,-2.855909229819125,7
1714076669.1396115,-2.6279682597320484,7
1714076669.2745836,-2.3960052828642606,7
1714076669.3973997,-2.1589384979088724,7
1714076669.531989,-1.9035625821309816,7
1714076669.6672187,-1.653023789290259,7
1714076669.8012726,-1.4160146426100853,7
1714076669.9379444,-1.1796178583673345,7
1714076670.0723002,-0.940594662992629,7
1714076670.1954415,-0.6969621565675383,7
1714076670.3302674,-0.3663212266482163,7
1714076670.4658415,-0.1282191985905214,7
1714076670.6005583,0.1144561852618215,7
1714076670.7363412,0.375209631561523,7
1714076670.8706703,0.6170270711543235,7
1714076670.9940915,0.8307653368376682,7
1714076671.1287751,1.0787935113211198,7
1714076671.2639005,1.326577973992496,7
1714076671.3990858,1.5534394336861563,7
1714076671.533797,1.794017328909101,7
1714076671.6689076,2.035197613466952,7
1714076671.7921782,2.2880370919348434,7
1714076671.92693,2.5333244051609136,7
1714076672.0625007,2.7738389301622903,7
1714076672.1976075,2.9926545115041514,7
1714076672.3325014,-3.0522981665124838,7
1714076672.4675293,-2.8062108201250644,7
1714076672.5903544,-2.559937493758982,7
1714076672.7260523,-2.3090635350155275,7
1714076672.861068,-2.0803594643370715,7
1714076672.996269,-1.845780837830162,7
1714076673.1311634,-1.6010542143911572,7
1714076673.2663577,-1.3491415694264768,7
1714076673.387709,-1.0985952666288752,7
1714076673.5240564,-0.8645446519620074,7
1714076673.658734,-0.6353082726386554,7
1714076673.7942064,-0.5855735634602901,7
1714076673.9289513,-0.4286367585110559,7
